"Smarter Balanced Assessments, Trend",,,,,,,,,,,,,,,
"All Districts, ELA and Math, All Grades Combined, Free/Reduced Price Meal Eligibility (3-level)",,,,,,,,,,,,,,,
,,,,,,,,,,,,,,,
,,,,Year,,,,,,,,,,,
,,,,2015-16,,2016-17,,2017-18,,2018-19,,2021-22,,2022-23,
District,District Code,Subject,Free/Reduced Price Meal Eligibility (3-level),Total Number with Scored Tests,Percentage Level 3 or 4 (Met or Exceeded)%,Total Number with Scored Tests,Percentage Level 3 or 4 (Met or Exceeded)%,Total Number with Scored Tests,Percentage Level 3 or 4 (Met or Exceeded)%,Total Number with Scored Tests,Percentage Level 3 or 4 (Met or Exceeded)%,Total Number with Scored Tests,Percentage Level 3 or 4 (Met or Exceeded)%,Total Number with Scored Tests,Percentage Level 3 or 4 (Met or Exceeded)%
Achievement First Bridgeport Academy District,2850013,ELA,F,387,42.9,297,48.5,*,*,520,64.6,316,38.6,372,43
Achievement First Bridgeport Academy District,2850013,ELA,N,95,54.7,197,*,*,*,*,*,160,56.9,119,53.8
Achievement First Bridgeport Academy District,2850013,ELA,R,58,50,36,*,*,*,*,*,55,49.1,57,52.6
Achievement First Bridgeport Academy District,2850013,Math,F,387,39.5,297,46.5,*,*,519,54.1,308,19.8,370,18.9
Achievement First Bridgeport Academy District,2850013,Math,N,95,51.6,197,*,*,*,*,*,159,38.4,116,37.9
Achievement First Bridgeport Academy District,2850013,Math,R,58,43.1,36,69.4,*,*,*,*,55,29.1,56,30.4
Achievement First Hartford Academy District,2880013,ELA,F,589,44.8,614,51.5,*,*,*,*,379,38.3,341,40.5
Achievement First Hartford Academy District,2880013,ELA,N,*,*,*,*,*,*,*,*,107,47.7,135,41.5
Achievement First Hartford Academy District,2880013,ELA,R,*,*,*,*,*,*,*,*,56,44.6,40,50
Achievement First Hartford Academy District,2880013,Math,F,585,29.7,612,43.1,*,*,*,*,370,23.5,340,21.5
Achievement First Hartford Academy District,2880013,Math,N,*,*,*,*,*,*,*,*,105,32.4,135,19.3
Achievement First Hartford Academy District,2880013,Math,R,*,*,*,*,*,*,*,*,55,32.7,39,20.5
Amistad Academy District,2790013,ELA,F,361,47.6,345,42,*,*,521,55.3,354,34.2,384,34.6
Amistad Academy District,2790013,ELA,N,84,71.4,136,57.4,*,*,*,*,135,57,103,48.5
Amistad Academy District,2790013,ELA,R,89,66.3,50,50,*,*,*,*,58,46.6,56,44.6
Amistad Academy District,2790013,Math,F,360,43.3,345,43.2,*,*,519,49.5,349,16,384,16.9
Amistad Academy District,2790013,Math,N,84,53.6,136,63.2,*,*,*,*,133,30.1,99,32.3
Amistad Academy District,2790013,Math,R,89,58.4,50,56,*,*,*,*,58,24.1,55,30.9
Andover School District,0010011,ELA,F,*,*,*,*,21,*,*,*,14,*,*,*
Andover School District,0010011,ELA,N,133,78.2,115,74.8,86,79.1,80,77.5,63,*,60,71.7
Andover School District,0010011,ELA,R,*,*,*,*,7,*,*,*,*,*,*,*
Andover School District,0010011,Math,F,*,*,*,*,21,*,*,*,13,*,*,*
Andover School District,0010011,Math,N,133,75.2,115,74.8,86,70.9,80,68.8,63,*,60,71.7
Andover School District,0010011,Math,R,*,*,*,*,7,*,*,*,*,*,*,*
Ansonia School District,0020011,ELA,F,594,27.9,583,31.6,654,32.7,605,31.6,645,17.5,610,14.6
Ansonia School District,0020011,ELA,N,325,45.5,333,42,297,50.8,350,44,297,34.7,363,25.1
Ansonia School District,0020011,ELA,R,118,33.9,99,22.2,112,33,84,45.2,99,26.3,97,25.8
Ansonia School District,0020011,Math,F,593,18.4,574,19.5,654,24.6,602,23.1,637,8.5,607,10.7
Ansonia School District,0020011,Math,N,324,33.3,331,32.9,298,43,350,40.3,296,17.2,359,21.4
Ansonia School District,0020011,Math,R,118,28,99,17.2,112,26.8,84,35.7,99,15.2,97,19.6
Area Cooperative Educational Services,2440014,ELA,F,702,26.2,640,30.5,464,31.7,499,31.5,554,26.9,387,21.2
Area Cooperative Educational Services,2440014,ELA,N,456,54.6,512,50,703,46.1,623,49.8,502,41.2,656,35.4
Area Cooperative Educational Services,2440014,ELA,R,116,36.2,104,39.4,72,37.5,81,49.4,106,35.8,84,31
Area Cooperative Educational Services,2440014,Math,F,695,12.1,639,16.7,460,19.1,491,22,544,11.9,376,11.2
Area Cooperative Educational Services,2440014,Math,N,457,37,513,35.1,700,32.3,618,38.3,497,24.7,650,22.8
Area Cooperative Educational Services,2440014,Math,R,116,13.8,104,27.9,72,27.8,81,37,106,13.2,84,15.5
Ashford School District,0030011,ELA,F,64,*,65,*,66,43.9,68,42.6,71,*,68,*
Ashford School District,0030011,ELA,N,154,71.4,172,68,134,73.9,142,61.3,149,61.1,145,58.6
Ashford School District,0030011,ELA,R,14,*,11,*,30,50,33,45.5,10,*,9,*
Ashford School District,0030011,Math,F,64,*,65,*,66,*,68,25,71,*,67,*
Ashford School District,0030011,Math,N,154,53.9,172,48.3,134,53,140,53.6,148,47.3,145,47.6
Ashford School District,0030011,Math,R,14,*,11,*,30,*,32,37.5,10,*,9,*
Avon School District,0040011,ELA,F,67,*,70,*,108,*,123,*,117,*,125,41.6
Avon School District,0040011,ELA,N,1462,83.2,1453,82.2,1397,83.2,1343,82.4,1269,75.5,1293,72.7
Avon School District,0040011,ELA,R,12,*,6,*,19,*,30,*,21,*,34,50
Avon School District,0040011,Math,F,67,*,70,*,108,*,123,*,117,30.8,125,*
Avon School District,0040011,Math,N,1462,77.6,1452,76.2,1397,78.9,1341,78,1268,66.6,1292,66.1
Avon School District,0040011,Math,R,12,*,6,*,19,*,30,*,21,33.3,34,*
Barkhamsted School District,0050011,ELA,F,*,*,*,*,23,*,27,*,22,*,23,*
Barkhamsted School District,0050011,ELA,N,151,69.5,140,70,113,69,101,68.3,81,61.7,76,63.2
Barkhamsted School District,0050011,ELA,R,*,*,*,*,6,*,7,*,8,*,6,*
Barkhamsted School District,0050011,Math,F,*,*,*,*,23,*,27,*,22,*,23,*
Barkhamsted School District,0050011,Math,N,151,40.4,140,45,112,43.8,101,63.4,81,53.1,76,*
Barkhamsted School District,0050011,Math,R,*,*,*,*,6,*,7,*,8,*,6,*
Berlin School District,0070011,ELA,F,123,47.2,133,*,175,40,223,46.6,200,44,241,44
Berlin School District,0070011,ELA,N,1148,72.1,1127,69.1,1015,71.6,984,69.9,894,64.2,862,70.3
Berlin School District,0070011,ELA,R,41,36.6,34,*,50,58,42,52.4,41,51.2,55,43.6
Berlin School District,0070011,Math,F,123,22,133,27.8,173,27.2,222,41.4,199,29.6,238,39.9
Berlin School District,0070011,Math,N,1145,57.6,1127,65.8,1014,68.1,983,66.9,888,57.9,859,68.9
Berlin School District,0070011,Math,R,40,30,34,*,50,54,42,54.8,41,*,55,41.8
Bethany School District,0080011,ELA,F,*,*,*,*,29,*,28,*,*,*,*,*
Bethany School District,0080011,ELA,N,207,67.1,201,72.1,173,77.5,164,78,180,78.3,207,76.3
Bethany School District,0080011,ELA,R,*,*,*,*,8,*,10,*,*,*,*,*
Bethany School District,0080011,Math,F,*,*,*,*,29,*,28,*,*,*,*,*
Bethany School District,0080011,Math,N,207,65.7,200,72.5,173,*,164,70.7,180,71.1,207,72.9
Bethany School District,0080011,Math,R,*,*,*,*,8,*,10,*,*,*,*,*
Bethel School District,0090011,ELA,F,203,53.2,191,45,306,52.6,334,45.8,307,33.6,342,*
Bethel School District,0090011,ELA,N,1030,75.7,1110,71.2,989,77.4,1003,74.3,1061,63.9,1017,65.7
Bethel School District,0090011,ELA,R,87,66.7,74,59.5,87,62.1,104,63.5,78,44.9,77,*
Bethel School District,0090011,Math,F,202,35.6,190,35.3,306,37.6,333,36.9,303,25.4,342,30.1
Bethel School District,0090011,Math,N,1029,60.5,1106,59.5,988,70.3,1003,67.6,1046,55.4,1014,61.2
Bethel School District,0090011,Math,R,87,41.4,73,39.7,87,42.5,102,45.1,78,37.2,79,43
Bloomfield School District,0110011,ELA,F,340,46.2,339,33,347,31.1,438,35.8,392,23.7,399,24.1
Bloomfield School District,0110011,ELA,N,353,51.6,374,47.9,377,49.3,310,50.3,309,49.8,299,47.2
Bloomfield School District,0110011,ELA,R,71,46.5,66,47,68,41.2,91,33,67,40.3,66,28.8
Bloomfield School District,0110011,Math,F,340,20.3,339,20.6,345,21.2,438,25.3,390,11.8,398,14.1
Bloomfield School District,0110011,Math,N,352,29.5,374,31.3,377,35.8,308,40.6,308,32.5,298,32.9
Bloomfield School District,0110011,Math,R,71,32.4,64,32.8,69,27.5,91,27.5,67,19.4,66,22.7
Bolton School District,0120011,ELA,F,51,*,43,*,46,*,77,*,71,*,*,*
Bolton School District,0120011,ELA,N,287,81.2,308,77.6,307,77.2,264,79.9,259,69.5,234,73.5
Bolton School District,0120011,ELA,R,9,*,12,*,9,*,10,*,8,*,*,*
Bolton School District,0120011,Math,F,50,*,43,*,46,*,76,*,71,*,*,*
Bolton School District,0120011,Math,N,287,70.4,308,68.8,307,73.9,264,72.3,258,60.5,232,65.9
Bolton School District,0120011,Math,R,9,*,12,*,9,*,10,*,8,*,*,*
Bozrah School District,0130011,ELA,F,22,*,*,*,*,*,33,*,41,*,33,*
Bozrah School District,0130011,ELA,N,104,49,103,51.5,100,60,80,53.8,58,*,51,62.7
Bozrah School District,0130011,ELA,R,6,*,*,*,*,*,12,*,10,*,11,*
Bozrah School District,0130011,Math,F,22,*,*,*,*,*,33,*,41,*,33,*
Bozrah School District,0130011,Math,N,104,37.5,103,38.8,100,49,80,48.8,58,50,51,60.8
Bozrah School District,0130011,Math,R,6,*,*,*,*,*,12,*,10,*,11,*
Branford School District,0140011,ELA,F,275,44.4,259,34.4,348,36.5,366,43.4,326,39.6,327,38.5
Branford School District,0140011,ELA,N,983,69.4,961,66.8,835,62.4,785,67.9,746,59.8,732,61.3
Branford School District,0140011,ELA,R,76,57.9,70,62.9,90,53.3,95,55.8,85,41.2,89,52.8
Branford School District,0140011,Math,F,274,33.9,257,33.1,349,36.4,364,37.9,326,32.2,327,31.5
Branford School District,0140011,Math,N,982,59.3,962,58.6,834,62.9,784,65.7,744,54.6,731,58.4
Branford School District,0140011,Math,R,76,44.7,70,54.3,90,47.8,94,47.9,85,40,89,51.7
Brass City Charter School District,2900013,ELA,F,18,*,41,70.7,45,57.8,88,48.9,99,*,112,*
Brass City Charter School District,2900013,ELA,N,15,*,26,*,45,68.9,41,*,96,58.3,89,59.6
Brass City Charter School District,2900013,ELA,R,6,*,9,*,21,76.2,14,*,11,*,12,*
Brass City Charter School District,2900013,Math,F,18,*,41,65.9,45,*,88,44.3,99,*,111,*
Brass City Charter School District,2900013,Math,N,15,*,26,*,45,71.1,41,*,96,44.8,89,*
Brass City Charter School District,2900013,Math,R,6,*,9,*,21,*,14,*,11,*,12,*
Bridgeport School District,0150011,ELA,F,*,*,5247,16.4,7143,22.9,6072,23.8,5734,17.9,6498,17.2
Bridgeport School District,0150011,ELA,N,*,*,4007,30.2,*,*,2571,32.8,2344,25.2,1606,27.5
Bridgeport School District,0150011,ELA,R,*,*,*,*,*,*,687,38.6,598,28.4,407,27.5
Bridgeport School District,0150011,Math,F,*,*,5233,8.7,7125,13.1,6058,12.6,5716,9.3,6481,9.5
Bridgeport School District,0150011,Math,N,*,*,3998,19.6,2262,20.6,2561,20.8,2340,13.6,1604,15.4
Bridgeport School District,0150011,Math,R,*,*,*,*,*,*,684,24,596,14.3,406,13.3
Bristol School District,0170011,ELA,F,1475,38,1461,34.6,1619,38,1721,35.7,1608,35.8,1677,38.6
Bristol School District,0170011,ELA,N,1843,66.1,1929,63.5,1724,66.6,1682,59.9,1475,61.6,1436,61.1
Bristol School District,0170011,ELA,R,217,53.5,202,48.5,280,49.6,226,57.5,186,53.8,238,51.7
Bristol School District,0170011,Math,F,1475,22.7,1460,24.5,1614,26.3,1706,24.4,1587,24.4,1663,29.6
Bristol School District,0170011,Math,N,1841,51.5,1927,50.5,1716,54.8,1679,51.6,1476,49.9,1430,54.3
Bristol School District,0170011,Math,R,217,35.5,201,42.8,279,40.1,226,45.1,186,39.2,238,43.7
Brookfield School District,0180011,ELA,F,66,47,89,*,168,53,177,*,164,34.1,177,37.3
Brookfield School District,0180011,ELA,N,1107,69.8,1100,67.9,947,69.5,917,71,861,62.1,862,67.2
Brookfield School District,0180011,ELA,R,22,68.2,24,*,54,55.6,59,*,55,43.6,62,51.6
Brookfield School District,0180011,Math,F,66,36.4,89,*,168,44,176,54,164,33.5,175,31.4
Brookfield School District,0180011,Math,N,1102,63.3,1097,62.6,944,64,914,66.1,862,51.2,857,60.4
Brookfield School District,0180011,Math,R,22,63.6,24,*,54,27.8,59,44.1,55,34.5,62,45.2
Brooklyn School District,0190011,ELA,F,133,48.1,130,*,156,*,158,43.7,147,36.1,159,*
Brooklyn School District,0190011,ELA,N,354,78.2,348,71,346,72.5,335,71.3,334,54.2,341,59.2
Brooklyn School District,0190011,ELA,R,29,*,27,*,13,*,42,61.9,33,*,40,*
Brooklyn School District,0190011,Math,F,132,18.9,129,23.3,156,*,158,30.4,147,23.1,159,27.7
Brooklyn School District,0190011,Math,N,354,47.7,348,51.7,347,*,335,*,335,43.3,341,53.1
Brooklyn School District,0190011,Math,R,29,24.1,27,*,13,*,42,*,32,*,40,*
Canaan School District,0210011,ELA,F,*,*,7,*,8,*,10,*,*,*,*,*
Canaan School District,0210011,ELA,N,*,*,44,*,38,*,33,*,33,75.8,29,82.8
Canaan School District,0210011,ELA,R,*,*,*,*,*,*,*,*,*,*,*,*
Canaan School District,0210011,Math,F,*,*,7,*,8,*,10,*,*,*,*,*
Canaan School District,0210011,Math,N,*,*,45,*,38,*,33,*,33,*,29,58.6
Canaan School District,0210011,Math,R,*,*,*,*,*,*,*,*,*,*,*,*
Canterbury School District,0220011,ELA,F,65,*,60,*,82,*,80,*,73,*,66,*
Canterbury School District,0220011,ELA,N,218,56.9,215,56.7,159,60.4,179,62.6,190,52.1,196,58.7
Canterbury School District,0220011,ELA,R,20,*,14,*,25,*,15,*,23,*,23,*
Canterbury School District,0220011,Math,F,65,*,60,*,82,39,80,*,73,*,66,*
Canterbury School District,0220011,Math,N,218,41.7,215,47,159,46.5,178,46.6,185,31.4,196,51.5
Canterbury School District,0220011,Math,R,20,*,14,*,25,24,15,*,21,*,23,*
Canton School District,0230011,ELA,F,82,*,71,*,88,*,101,*,*,*,92,*
Canton School District,0230011,ELA,N,686,78.1,674,76.6,626,77,585,77.9,531,68.9,576,64.8
Canton School District,0230011,ELA,R,17,*,17,*,20,*,24,62.5,*,*,13,*
Canton School District,0230011,Math,F,82,*,70,*,87,*,100,38,*,*,90,*
Canton School District,0230011,Math,N,686,71,672,68,626,72.7,584,75.2,530,61.3,576,61.5
Canton School District,0230011,Math,R,17,*,17,*,20,*,24,*,*,*,13,*
Capital Preparatory Harbor School District,2970013,ELA,F,55,*,58,*,124,37.1,189,29.1,200,22.5,220,32.3
Capital Preparatory Harbor School District,2970013,ELA,N,41,*,44,*,49,*,53,*,128,34.4,108,33.3
Capital Preparatory Harbor School District,2970013,ELA,R,14,*,13,*,12,*,36,30.6,43,23.3,45,*
Capital Preparatory Harbor School District,2970013,Math,F,55,*,58,*,125,19.2,189,23.8,200,11,220,16.4
Capital Preparatory Harbor School District,2970013,Math,N,41,*,44,*,49,*,52,30.8,128,18,108,21.3
Capital Preparatory Harbor School District,2970013,Math,R,13,*,13,*,12,*,36,25,43,14,45,17.8
Capitol Region Education Council,2410014,ELA,F,1358,32.7,1387,31.7,1507,32.8,1726,33.4,2011,19,2122,20.6
Capitol Region Education Council,2410014,ELA,N,1461,65.1,1592,61.9,1582,64.3,1408,64.6,1130,46.9,1046,49.1
Capitol Region Education Council,2410014,ELA,R,245,50.6,298,40.6,311,47.9,434,45.6,348,24.1,323,28.5
Capitol Region Education Council,2410014,Math,F,1344,16.8,1374,20.6,1502,20.8,1712,20.3,1981,9.4,2087,11.6
Capitol Region Education Council,2410014,Math,N,1449,47.8,1580,49.1,1581,50.4,1401,51.3,1121,31.8,1045,36.9
Capitol Region Education Council,2410014,Math,R,245,25.7,297,30,309,28.2,431,26.9,344,8.7,321,14.6
Chaplin School District,0240011,ELA,F,31,*,*,*,*,*,*,*,*,*,*,*
Chaplin School District,0240011,ELA,N,37,*,41,73.2,45,73.3,44,65.9,42,69,39,*
Chaplin School District,0240011,ELA,R,9,*,*,*,*,*,*,*,*,*,*,*
Chaplin School District,0240011,Math,F,31,*,*,*,*,*,*,*,*,*,*,*
Chaplin School District,0240011,Math,N,37,*,41,*,45,*,44,*,42,59.5,39,56.4
Chaplin School District,0240011,Math,R,8,*,*,*,*,*,*,*,*,*,*,*
Cheshire School District,0250011,ELA,F,153,*,111,49.5,190,*,194,61.9,235,60,236,57.6
Cheshire School District,0250011,ELA,N,1845,81.4,1837,79.2,1682,81.5,1582,85.8,1519,77,1547,79.4
Cheshire School District,0250011,ELA,R,37,67.6,40,47.5,48,*,49,63.3,55,56.4,57,70.2
Cheshire School District,0250011,Math,F,152,29.6,111,37.8,190,42.1,193,48.2,235,53.6,236,58.1
Cheshire School District,0250011,Math,N,1844,67.8,1835,68.7,1680,71.7,1579,79.1,1513,73.3,1544,76.2
Cheshire School District,0250011,Math,R,37,59.5,39,48.7,48,54.2,49,57.1,55,58.2,56,73.2
Chester School District,0260011,ELA,F,*,*,*,*,*,*,19,*,*,*,*,*
Chester School District,0260011,ELA,N,119,83.2,109,83.5,98,83.7,75,85.3,82,81.7,96,82.3
Chester School District,0260011,ELA,R,*,*,*,*,*,*,8,*,*,*,*,*
Chester School District,0260011,Math,F,*,*,*,*,*,*,19,*,*,*,*,*
Chester School District,0260011,Math,N,119,73.1,109,75.2,98,72.4,75,78.7,82,78,96,82.3
Chester School District,0260011,Math,R,*,*,*,*,*,*,8,*,*,*,*,*
Clinton School District,0270011,ELA,F,150,44,134,39.6,198,40.4,216,46.3,191,39.8,203,35
Clinton School District,0270011,ELA,N,686,76.2,674,69.4,554,67,509,68.8,405,59.8,365,58.1
Clinton School District,0270011,ELA,R,49,42.9,45,*,65,56.9,54,51.9,49,44.9,41,39
Clinton School District,0270011,Math,F,152,28.3,136,33.1,198,27.8,216,40.7,191,37.2,203,35.5
Clinton School District,0270011,Math,N,688,62.5,673,63.9,555,58.6,509,62.9,405,50.6,364,55.8
Clinton School District,0270011,Math,R,50,40,45,33.3,65,38.5,54,40.7,49,38.8,41,48.8
Colchester School District,0280011,ELA,F,163,47.9,122,45.1,138,*,164,47,167,38.9,166,*
Colchester School District,0280011,ELA,N,915,77.8,921,74.3,891,75.1,782,76.5,719,69.3,719,65.9
Colchester School District,0280011,ELA,R,52,55.8,47,59.6,41,*,59,54.2,29,*,27,*
Colchester School District,0280011,Math,F,162,31.5,122,36.1,138,42.8,162,44.4,167,*,166,*
Colchester School District,0280011,Math,N,914,61.6,921,68.7,891,72.2,782,76.2,717,70.6,719,69.7
Colchester School District,0280011,Math,R,52,42.3,47,51.1,41,36.6,59,50.8,29,65.5,27,66.7
Colebrook School District,0290011,ELA,F,*,*,*,*,*,*,11,*,*,*,*,*
Colebrook School District,0290011,ELA,N,38,71.1,33,75.8,38,78.9,35,85.7,34,85.3,33,81.8
Colebrook School District,0290011,ELA,R,*,*,*,*,*,*,6,*,*,*,*,*
Colebrook School District,0290011,Math,F,*,*,*,*,*,*,11,*,*,*,*,*
Colebrook School District,0290011,Math,N,38,63.2,33,75.8,38,63.2,35,68.6,34,76.5,33,78.8
Colebrook School District,0290011,Math,R,*,*,*,*,*,*,6,*,*,*,*,*
Columbia School District,0300011,ELA,F,38,*,44,*,*,*,40,*,48,*,56,*
Columbia School District,0300011,ELA,N,230,70,218,61.9,218,60.6,192,73.4,218,56,226,53.5
Columbia School District,0300011,ELA,R,11,*,7,*,*,*,10,*,10,*,17,*
Columbia School District,0300011,Math,F,38,*,44,*,*,*,40,*,48,*,55,*
Columbia School District,0300011,Math,N,230,56.1,218,54.1,218,50.9,189,53.4,217,45.2,225,50.7
Columbia School District,0300011,Math,R,11,*,7,*,*,*,10,*,10,*,17,*
Cooperative Educational Services,2430014,ELA,F,88,34.1,71,38,66,*,70,27.1,81,21,102,35.3
Cooperative Educational Services,2430014,ELA,N,207,52.7,213,46.5,215,46.5,215,49.8,181,53.6,145,43.4
Cooperative Educational Services,2430014,ELA,R,41,34.1,35,17.1,36,33.3,44,38.6,43,34.9,40,*
Cooperative Educational Services,2430014,Math,F,88,22.7,71,28.2,66,*,70,21.4,80,20,102,26.5
Cooperative Educational Services,2430014,Math,N,208,40.4,212,36.3,214,39.7,214,35.5,181,33.7,145,33.8
Cooperative Educational Services,2430014,Math,R,41,19.5,35,20,36,*,44,*,43,16.3,40,17.5
Cornwall School District,0310011,ELA,F,13,*,9,*,7,*,9,*,10,*,7,*
Cornwall School District,0310011,ELA,N,48,*,45,*,39,*,55,*,46,76.1,43,62.8
Cornwall School District,0310011,ELA,R,*,*,*,*,*,*,*,*,9,*,6,*
Cornwall School District,0310011,Math,F,13,*,9,*,7,*,9,*,10,*,7,*
Cornwall School District,0310011,Math,N,48,*,46,*,39,*,55,*,46,69.6,43,*
Cornwall School District,0310011,Math,R,*,*,*,*,*,*,*,*,9,*,6,*
Coventry School District,0320011,ELA,F,118,61.9,120,*,143,63.6,120,63.3,126,51.6,132,62.1
Coventry School District,0320011,ELA,N,597,75.2,608,77.6,571,79.7,562,79.7,573,75.9,535,75
Coventry School District,0320011,ELA,R,29,51.7,17,*,25,68,41,65.9,43,67.4,45,55.6
Coventry School District,0320011,Math,F,118,*,117,*,143,*,120,46.7,125,36,131,41.2
Coventry School District,0320011,Math,N,597,57.8,605,67.9,569,68.7,561,74.3,573,61.6,536,64.2
Coventry School District,0320011,Math,R,29,*,17,*,25,*,41,63.4,42,54.8,45,48.9
Cromwell School District,0330011,ELA,F,145,35.9,141,35.5,183,38.8,181,43.6,200,32,205,28.8
Cromwell School District,0330011,ELA,N,730,70.5,735,64.4,685,71.1,711,73.8,651,62.8,666,61.6
Cromwell School District,0330011,ELA,R,45,53.3,37,54.1,46,54.3,43,62.8,46,45.7,42,33.3
Cromwell School District,0330011,Math,F,145,18.6,138,23.2,182,27.5,180,36.1,199,21.6,203,23.2
Cromwell School District,0330011,Math,N,729,52.5,734,54.6,685,62.6,711,66.7,650,58,662,56.6
Cromwell School District,0330011,Math,R,45,28.9,36,36.1,46,43.5,43,53.5,46,34.8,40,32.5
Danbury School District,0340011,ELA,F,2239,36,2340,33,3026,36.8,3007,37.5,2330,25.6,2323,28.2
Danbury School District,0340011,ELA,N,2186,57.7,2276,57.3,1689,63.1,1708,61.9,2684,38.1,2621,37.4
Danbury School District,0340011,ELA,R,608,49,610,40.7,506,47.4,661,45.4,526,32.5,474,33.8
Danbury School District,0340011,Math,F,2227,24.2,2335,25.5,3024,28,3002,29.4,2329,17.5,2317,19.9
Danbury School District,0340011,Math,N,2184,43.7,2273,47,1686,51.1,1699,51,2681,28.1,2616,29.3
Danbury School District,0340011,Math,R,606,36.6,610,33.3,505,36.8,659,39.9,525,24.6,474,24.5
Darien School District,0350011,ELA,F,40,*,32,*,25,*,25,*,25,*,24,*
Darien School District,0350011,ELA,N,2201,87.7,2179,85.5,2184,83.9,2139,85.1,2081,81.4,2080,79.9
Darien School District,0350011,ELA,R,14,*,16,*,28,*,27,*,19,*,9,*
Darien School District,0350011,Math,F,40,*,32,*,25,*,25,64,25,*,24,*
Darien School District,0350011,Math,N,2200,82.7,2177,81.8,2183,82.1,2138,85.5,2077,80.2,2077,81.4
Darien School District,0350011,Math,R,14,*,16,*,28,*,27,*,19,*,9,*
Deep River School District,0360011,ELA,F,31,*,26,*,25,*,35,*,34,*,32,*
Deep River School District,0360011,ELA,N,160,65.6,134,71.6,126,75.4,100,76,78,76.9,69,81.2
Deep River School District,0360011,ELA,R,8,*,16,*,20,*,19,*,11,*,11,*
Deep River School District,0360011,Math,F,31,*,26,*,25,*,35,*,34,*,32,*
Deep River School District,0360011,Math,N,160,54.4,134,59.7,126,66.7,100,81,78,75.6,69,79.7
Deep River School District,0360011,Math,R,8,*,16,*,20,*,19,*,11,*,11,*
Derby School District,0370011,ELA,F,334,*,351,28.2,346,29.8,349,28.1,291,27.5,335,25.7
Derby School District,0370011,ELA,N,299,47.8,267,47.9,219,55.7,240,47.9,232,45.3,200,45.5
Derby School District,0370011,ELA,R,45,*,65,41.5,109,36.7,67,*,40,37.5,40,*
Derby School District,0370011,Math,F,330,15.5,351,16,347,19.6,350,25.4,291,14.1,335,17.3
Derby School District,0370011,Math,N,298,29.5,266,35.3,220,40.5,240,44.2,232,35.8,199,30.7
Derby School District,0370011,Math,R,45,26.7,65,24.6,109,28.4,67,23.9,39,20.5,40,15
East Granby School District,0400011,ELA,F,56,37.5,53,43.4,50,42,78,46.2,77,44.2,67,40.3
East Granby School District,0400011,ELA,N,339,76.7,354,76.6,346,72.5,314,78,322,69.9,323,68.1
East Granby School District,0400011,Math,F,56,30.4,50,*,49,38.8,78,38.5,77,32.5,67,35.8
East Granby School District,0400011,Math,N,339,*,353,*,346,72.5,314,75.2,322,59.9,322,59.9
East Haddam School District,0410011,ELA,F,60,*,68,*,86,46.5,91,65.9,110,*,103,*
East Haddam School District,0410011,ELA,N,410,69,384,74.5,328,72.6,318,73.3,321,68.2,323,63.5
East Haddam School District,0410011,ELA,R,9,*,10,*,24,62.5,31,45.2,17,*,21,*
East Haddam School District,0410011,Math,F,60,*,68,*,85,*,90,46.7,109,*,103,*
East Haddam School District,0410011,Math,N,408,51,384,60.7,332,61.1,314,62.7,321,53.9,323,55.7
East Haddam School District,0410011,Math,R,9,*,10,*,24,*,31,54.8,17,*,19,*
East Hampton School District,0420011,ELA,F,100,*,94,*,131,*,132,*,120,32.5,121,28.9
East Hampton School District,0420011,ELA,N,714,60.9,765,67.3,718,66.2,709,69,651,63.6,646,66.1
East Hampton School District,0420011,ELA,R,17,*,17,*,26,*,37,75.7,44,50,34,*
East Hampton School District,0420011,Math,F,100,*,94,*,131,*,132,*,117,18.8,121,19.8
East Hampton School District,0420011,Math,N,713,47.1,767,52.9,717,53.8,709,61.4,650,54,641,55.7
East Hampton School District,0420011,Math,R,17,*,17,*,26,*,36,*,43,*,34,*
East Hartford School District,0430011,ELA,F,1768,26.2,1502,24.2,2007,30.1,1705,28.5,1550,27.2,1486,29.1
East Hartford School District,0430011,ELA,N,939,41.1,1366,36.6,848,43.3,1006,48.9,850,46.9,873,46.6
East Hartford School District,0430011,ELA,R,188,38.3,97,37.1,150,48,209,40.2,236,42.4,198,47
East Hartford School District,0430011,Math,F,1754,12.6,1459,12.6,1984,18,1695,15.7,1547,15.8,1470,21.6
East Hartford School District,0430011,Math,N,931,25,1334,20.9,846,30.7,1001,33.4,849,34.6,870,39.3
East Hartford School District,0430011,Math,R,188,17.6,97,30.9,150,32.7,209,22,237,30.8,198,37.4
East Haven School District,0440011,ELA,F,529,40.1,477,35.2,422,34.1,564,40.1,406,34,582,31.6
East Haven School District,0440011,ELA,N,635,54.5,611,55.5,638,50.5,504,52.8,761,44.3,510,44.7
East Haven School District,0440011,ELA,R,147,40.8,163,46.6,155,45.8,147,49,21,42.9,99,39.4
East Haven School District,0440011,Math,F,528,23.3,475,20,421,24,562,26.3,406,21.2,579,24.2
East Haven School District,0440011,Math,N,632,38.3,611,42.6,639,35.8,505,41.8,762,34.1,510,36.1
East Haven School District,0440011,Math,R,146,25.3,162,32.1,154,35.7,145,37.9,21,42.9,97,29.9
East Lyme School District,0450011,ELA,F,164,53.7,133,53.4,148,56.8,203,59.6,212,40.6,201,35.8
East Lyme School District,0450011,ELA,N,962,77.5,1012,77.2,955,80.6,863,79.4,806,69.4,790,67.7
East Lyme School District,0450011,ELA,R,43,48.8,50,62,40,*,48,47.9,43,55.8,44,63.6
East Lyme School District,0450011,Math,F,164,*,133,47.4,148,48,203,54.7,212,33.5,199,37.2
East Lyme School District,0450011,Math,N,960,70,1012,69.5,955,69.5,863,72.1,805,61.9,787,65.2
East Lyme School District,0450011,Math,R,41,*,50,46,40,42.5,48,45.8,43,41.9,44,61.4
East Windsor School District,0470011,ELA,F,182,34.1,175,29.7,198,32.3,221,26.2,206,28.2,229,28.4
East Windsor School District,0470011,ELA,N,247,59.1,240,55,209,55.5,182,52.2,194,59.3,202,57.4
East Windsor School District,0470011,ELA,R,30,53.3,47,36.2,41,53.7,53,45.3,54,35.2,40,*
East Windsor School District,0470011,Math,F,182,*,173,16.8,200,16,221,17.6,204,21.1,228,21.5
East Windsor School District,0470011,Math,N,247,42.1,240,37.1,209,38.8,183,36.6,194,52.1,201,52.7
East Windsor School District,0470011,Math,R,30,*,47,23.4,41,34.1,53,26.4,54,31.5,39,23.1
Eastern Connecticut Regional Educational Service Center (EASTCONN),2530014,ELA,F,26,*,*,*,40,*,32,0,*,*,*,*
Eastern Connecticut Regional Educational Service Center (EASTCONN),2530014,ELA,N,*,*,25,*,19,*,*,*,15,*,10,*
Eastern Connecticut Regional Educational Service Center (EASTCONN),2530014,ELA,R,*,*,*,*,6,*,*,*,*,*,*,*
Eastern Connecticut Regional Educational Service Center (EASTCONN),2530014,Math,F,24,0,*,0,39,*,32,0,*,*,*,*
Eastern Connecticut Regional Educational Service Center (EASTCONN),2530014,Math,N,*,*,25,*,19,*,*,*,15,*,9,*
Eastern Connecticut Regional Educational Service Center (EASTCONN),2530014,Math,R,*,*,*,*,6,*,*,*,*,*,*,*
Eastford School District,0390011,ELA,F,14,*,16,*,30,*,31,61.3,23,*,26,76.9
Eastford School District,0390011,ELA,N,72,*,73,*,63,*,59,66.1,55,*,56,82.1
Eastford School District,0390011,Math,F,14,*,16,*,31,32.3,31,51.6,23,*,26,*
Eastford School District,0390011,Math,N,72,*,73,*,63,55.6,59,66.1,55,*,55,*
Easton School District,0460011,ELA,F,*,*,15,*,*,*,54,*,55,*,49,*
Easton School District,0460011,ELA,N,587,84.2,579,85.3,590,86.1,540,81.9,516,79.3,522,83
Easton School District,0460011,ELA,R,*,*,6,*,*,*,15,*,15,*,9,*
Easton School District,0460011,Math,F,*,*,15,*,*,*,53,*,54,*,49,*
Easton School District,0460011,Math,N,579,78.4,577,76.1,590,76.6,539,75.7,515,72.8,521,77.4
Easton School District,0460011,Math,R,*,*,6,*,*,*,15,*,15,*,9,*
EdAdvance,2420014,ELA,F,*,*,*,*,*,*,10,*,*,*,15,*
EdAdvance,2420014,ELA,N,*,*,*,*,*,*,9,*,19,*,16,*
EdAdvance,2420014,ELA,R,*,*,*,*,*,*,*,*,*,*,*,*
EdAdvance,2420014,Math,F,*,*,*,*,*,*,10,*,*,*,15,*
EdAdvance,2420014,Math,N,*,*,*,*,*,*,12,*,19,*,16,*
EdAdvance,2420014,Math,R,*,*,*,*,*,*,*,*,*,*,*,*
Ellington School District,0480011,ELA,F,114,*,117,*,145,40.7,172,38.4,159,*,193,44
Ellington School District,0480011,ELA,N,1121,76.5,1114,73.4,1074,74.2,1002,73.5,994,73.1,947,73.2
Ellington School District,0480011,ELA,R,18,*,17,*,36,63.9,42,47.6,25,*,34,*
Ellington School District,0480011,Math,F,115,*,117,*,143,29.4,172,26.2,158,*,191,44.5
Ellington School District,0480011,Math,N,1121,68.7,1113,66.8,1072,65.5,1002,70.2,993,67.4,945,73.9
Ellington School District,0480011,Math,R,18,*,17,*,35,48.6,42,42.9,25,56,33,51.5
Elm City College Preparatory School District,2890013,ELA,F,268,53.7,241,50.2,*,*,358,59.5,251,38.2,266,36.1
Elm City College Preparatory School District,2890013,ELA,N,66,71.2,82,69.5,*,*,*,*,78,*,61,*
Elm City College Preparatory School District,2890013,ELA,R,42,61.9,56,64.3,*,*,*,*,37,*,38,31.6
Elm City College Preparatory School District,2890013,Math,F,268,41.4,240,40.8,*,*,358,55,249,15.7,265,13.6
Elm City College Preparatory School District,2890013,Math,N,66,*,82,59.8,*,*,*,*,78,21.8,61,29.5
Elm City College Preparatory School District,2890013,Math,R,42,*,56,53.6,*,*,*,*,37,16.2,38,*
Enfield School District,0490011,ELA,F,751,42.9,735,37.6,886,39.7,952,39.3,840,29.5,813,30.1
Enfield School District,0490011,ELA,N,1306,65.5,1347,57.7,1173,59.4,1140,58.6,1117,50.9,1095,50.6
Enfield School District,0490011,ELA,R,163,46,142,47.9,152,46.1,169,48.5,141,31.9,134,33.6
Enfield School District,0490011,Math,F,747,28.8,737,27.5,881,26,948,28.1,839,19.9,806,23.4
Enfield School District,0490011,Math,N,1305,46.7,1347,45.5,1171,45.3,1135,49.6,1112,39.6,1093,41.6
Enfield School District,0490011,Math,R,163,36.2,143,30.8,151,34.4,168,35.7,140,23.6,133,29.3
Essex School District,0500011,ELA,F,10,*,10,*,14,*,24,*,29,*,23,*
Essex School District,0500011,ELA,N,203,78.3,181,77.3,168,76.8,148,87.8,123,81.3,117,77.8
Essex School District,0500011,ELA,R,10,*,10,*,9,*,11,*,6,*,7,*
Essex School District,0500011,Math,F,10,*,10,*,14,*,24,*,28,*,23,*
Essex School District,0500011,Math,N,203,69,181,68,168,61.9,148,79.1,123,74.8,117,74.4
Essex School District,0500011,Math,R,10,*,10,*,9,*,11,*,6,*,7,*
Fairfield School District,0510011,ELA,F,366,42.9,355,42.3,363,45.5,535,54.6,466,47.4,490,44.7
Fairfield School District,0510011,ELA,N,4233,77.2,4235,77.6,4149,81.3,3850,82.1,3538,76.3,3497,77.4
Fairfield School District,0510011,ELA,R,84,52.4,100,58,116,55.2,181,60.2,127,55.1,135,50.4
Fairfield School District,0510011,Math,F,366,27,355,30.7,362,32.3,533,45.6,467,37,490,39.2
Fairfield School District,0510011,Math,N,4221,68.9,4231,71.5,4142,74.5,3843,77.1,3527,70.8,3497,71.9
Fairfield School District,0510011,Math,R,84,36.9,100,48,117,46.2,181,54.1,127,48,135,45.9
Farmington School District,0520011,ELA,F,188,*,157,*,240,56.3,264,59.1,247,54.3,275,50.2
Farmington School District,0520011,ELA,N,1683,81.5,1761,81.6,1614,84.6,1573,85.8,1555,78,1538,80
Farmington School District,0520011,ELA,R,24,*,16,*,64,64.1,56,71.4,65,66.2,70,64.3
Farmington School District,0520011,Math,F,188,*,157,*,239,47.3,263,46.4,247,44.1,272,48.5
Farmington School District,0520011,Math,N,1682,76.8,1761,76.8,1612,78.4,1572,79.6,1549,71.1,1534,78.2
Farmington School District,0520011,Math,R,24,*,16,*,64,65.6,56,62.5,65,50.8,70,52.9
Franklin School District,0530011,ELA,F,*,*,13,*,22,31.8,15,*,20,*,*,*
Franklin School District,0530011,ELA,N,90,67.8,81,65.4,78,74.4,72,75,82,*,91,57.1
Franklin School District,0530011,ELA,R,*,*,7,*,*,*,6,*,*,*,*,*
Franklin School District,0530011,Math,F,*,*,13,*,22,*,15,*,20,*,*,*
Franklin School District,0530011,Math,N,90,50,81,40.7,78,*,72,63.9,82,*,91,57.1
Franklin School District,0530011,Math,R,*,*,7,*,*,*,6,*,*,*,*,*
Glastonbury School District,0540011,ELA,F,216,49.1,217,51.2,186,*,282,52.1,252,44.8,296,44.3
Glastonbury School District,0540011,ELA,N,2547,82.5,2498,80.1,2477,79.9,2293,82,2189,76.2,2150,77.4
Glastonbury School District,0540011,ELA,R,54,46.3,55,45.5,40,*,75,56,58,51.7,65,55.4
Glastonbury School District,0540011,Math,F,216,39.4,217,40.6,186,38.7,283,47,252,38.1,296,42.2
Glastonbury School District,0540011,Math,N,2547,78.4,2498,77.3,2477,77.5,2291,79.9,2187,72.7,2148,77.7
Glastonbury School District,0540011,Math,R,54,*,55,38.2,40,52.5,75,49.3,58,56.9,65,52.3
Granby School District,0560011,ELA,F,69,*,70,*,76,*,78,*,89,*,103,*
Granby School District,0560011,ELA,N,743,80.2,720,77.8,729,76.8,705,79.6,664,68.1,654,70
Granby School District,0560011,ELA,R,19,*,21,*,22,*,26,69.2,18,*,25,*
Granby School District,0560011,Math,F,69,*,70,*,76,*,78,*,89,*,102,32.4
Granby School District,0560011,Math,N,743,67.7,718,66.9,729,66.3,702,67.1,664,53.5,651,57.3
Granby School District,0560011,Math,R,19,*,21,*,22,*,26,*,18,*,24,*
Great Oaks Charter School District,2940013,ELA,F,143,18.2,195,13.3,163,17.8,197,16.8,173,20.2,191,25.1
Great Oaks Charter School District,2940013,ELA,N,38,*,74,24.3,38,*,75,*,72,33.3,*,*
Great Oaks Charter School District,2940013,ELA,R,29,*,28,25,76,*,26,*,25,28,*,*
Great Oaks Charter School District,2940013,Math,F,141,5.7,191,11.5,161,18,197,10.7,174,10.9,195,12.8
Great Oaks Charter School District,2940013,Math,N,37,*,74,*,39,20.5,75,*,72,*,*,*
Great Oaks Charter School District,2940013,Math,R,29,*,28,*,79,19,26,*,25,*,*,*
Greenwich School District,0570011,ELA,F,450,46.2,460,46.5,629,52.1,635,52.8,541,49.7,580,49.1
Greenwich School District,0570011,ELA,N,3372,80.8,3488,80.2,3296,83.6,3279,83.5,3205,80.7,3036,80.1
Greenwich School District,0570011,ELA,R,134,53,126,54.8,164,63.4,194,57.2,135,54.1,139,47.5
Greenwich School District,0570011,Math,F,449,28.1,460,34.8,628,42.7,634,41.8,540,35.7,578,37.2
Greenwich School District,0570011,Math,N,3371,72.5,3485,76.6,3291,78.2,3277,80.1,3197,74.8,3032,77.9
Greenwich School District,0570011,Math,R,134,37.3,126,39.7,164,47,194,45.4,135,34.8,138,43.5
Griswold School District,0580011,ELA,F,284,42.3,248,41.1,281,34.5,292,40.4,295,21.7,311,28.9
Griswold School District,0580011,ELA,N,483,69.6,491,65.6,432,70.6,400,68.5,378,44.4,344,53.8
Griswold School District,0580011,ELA,R,47,46.8,56,42.9,67,59.7,77,33.8,57,*,55,*
Griswold School District,0580011,Math,F,285,31.9,245,43.3,281,37.4,292,42.1,295,17.3,311,24.8
Griswold School District,0580011,Math,N,483,58.4,491,63.3,432,68.8,400,67.5,378,41,344,50
Griswold School District,0580011,Math,R,47,40.4,56,44.6,67,58.2,77,40.3,57,33.3,55,36.4
Groton School District,0590011,ELA,F,671,36.4,632,35.4,688,39.7,748,44.9,627,39.6,730,34
Groton School District,0590011,ELA,N,1053,67,1084,69.1,1009,71.6,935,72.7,941,64.5,897,61.2
Groton School District,0590011,ELA,R,214,47.2,222,48.2,228,53.9,219,54.8,169,42.6,153,44.4
Groton School District,0590011,Math,F,673,25.4,632,26.4,685,28.3,745,35.4,622,27.7,717,27.2
Groton School District,0590011,Math,N,1050,58.6,1080,58.9,1012,59.7,933,61.2,944,50.4,896,52.7
Groton School District,0590011,Math,R,215,39.1,221,39.8,225,42.7,217,43.3,169,27.8,154,31.8
Guilford School District,0600011,ELA,F,108,57.4,106,*,149,59.7,154,66.9,111,55.9,134,54.5
Guilford School District,0600011,ELA,N,1479,83.8,1437,80.5,1366,84.1,1322,83.7,1218,77.3,1210,75.5
Guilford School District,0600011,ELA,R,37,64.9,28,*,33,84.8,59,62.7,53,62.3,51,62.7
Guilford School District,0600011,Math,F,108,39.8,106,47.2,149,56.4,154,55.8,111,39.6,134,46.3
Guilford School District,0600011,Math,N,1478,73,1437,77.7,1366,80.7,1321,80.4,1217,70.7,1209,68.8
Guilford School District,0600011,Math,R,37,62.2,28,75,33,69.7,59,71.2,53,56.6,51,58.8
Hamden School District,0620011,ELA,F,857,30.1,828,31.8,941,31.5,980,30.9,891,27.6,947,26.1
Hamden School District,0620011,ELA,N,1357,64.2,1374,61.6,1288,65.8,1264,65.5,1325,55.9,1205,55.9
Hamden School District,0620011,ELA,R,189,46,184,33.7,214,42.1,221,34.8,180,32.8,187,38
Hamden School District,0620011,Math,F,852,18.5,827,22.7,935,22.5,980,26.1,884,20.4,946,21.9
Hamden School District,0620011,Math,N,1351,51.3,1364,56.3,1284,57.9,1264,61.6,1317,46,1203,52.1
Hamden School District,0620011,Math,R,188,31.4,182,33.5,213,30.5,221,33.5,180,19.4,187,26.7
Hampton School District,0630011,ELA,F,*,*,*,*,*,*,*,*,6,*,*,*
Hampton School District,0630011,ELA,N,37,56.8,43,58.1,38,63.2,35,57.1,23,*,19,*
Hampton School District,0630011,ELA,R,*,*,*,*,*,*,*,*,6,*,*,*
Hampton School District,0630011,Math,F,*,*,*,*,*,*,*,*,6,*,*,*
Hampton School District,0630011,Math,N,37,48.6,42,57.1,37,*,35,54.3,23,*,19,*
Hampton School District,0630011,Math,R,*,*,*,*,*,*,*,*,6,*,*,*
Hartford School District,0640011,ELA,F,7675,21.3,7344,17.6,6503,20.1,6721,20.2,5540,15.5,5450,14.8
Hartford School District,0640011,ELA,N,1451,48.8,1489,42.6,2207,36,1662,40.1,1553,30.4,1395,27.5
Hartford School District,0640011,ELA,R,141,36.2,120,30,78,30.8,181,38.1,193,34.7,194,30.4
Hartford School District,0640011,Math,F,7593,12.1,7221,11.8,6493,14.8,6665,13.9,5478,9.3,5398,10.9
Hartford School District,0640011,Math,N,1443,36,1480,33.9,2206,29.8,1657,34,1527,23.1,1389,23.8
Hartford School District,0640011,Math,R,141,19.9,120,15.8,78,23.1,180,31.1,193,24.9,192,25
Hartland School District,0650011,ELA,F,*,*,*,*,*,*,*,*,6,*,7,*
Hartland School District,0650011,ELA,N,111,73.9,115,82.6,93,78.5,80,76.3,83,65.1,68,73.5
Hartland School District,0650011,ELA,R,*,*,*,*,*,*,*,*,7,*,7,*
Hartland School District,0650011,Math,F,*,*,*,*,*,*,*,*,6,*,7,*
Hartland School District,0650011,Math,N,110,57.3,114,57,93,57,80,57.5,83,51.8,68,*
Hartland School District,0650011,Math,R,*,*,*,*,*,*,*,*,7,*,7,*
Hebron School District,0670011,ELA,F,33,*,26,*,46,*,39,*,43,*,42,*
Hebron School District,0670011,ELA,N,392,66.8,361,67,314,68.5,293,68.6,291,68.7,293,76.5
Hebron School District,0670011,ELA,R,12,*,14,*,15,*,19,*,19,*,12,*
Hebron School District,0670011,Math,F,33,*,26,*,46,*,39,*,43,*,42,*
Hebron School District,0670011,Math,N,392,61.2,361,66.8,314,69.7,293,67.6,290,62.4,293,65.9
Hebron School District,0670011,Math,R,12,*,14,*,15,*,19,*,19,*,12,*
Highville Charter School District,2860013,ELA,F,106,*,117,22.2,115,20.9,118,31.4,126,11.9,142,17.6
Highville Charter School District,2860013,ELA,N,89,28.1,65,*,48,35.4,45,*,45,26.7,41,*
Highville Charter School District,2860013,ELA,R,36,*,31,32.3,33,27.3,35,*,29,20.7,17,*
Highville Charter School District,2860013,Math,F,106,17,117,17.9,115,13,118,11.9,126,*,142,7
Highville Charter School District,2860013,Math,N,89,24.7,65,*,48,*,45,*,44,15.9,41,*
Highville Charter School District,2860013,Math,R,36,16.7,31,*,33,*,35,*,29,*,17,*
Integrated Day Charter School District,2640013,ELA,F,48,*,43,*,52,*,64,*,92,54.3,102,*
Integrated Day Charter School District,2640013,ELA,N,126,53.2,125,62.4,125,55.2,120,55,96,*,101,*
Integrated Day Charter School District,2640013,ELA,R,22,*,25,*,16,*,13,*,25,64,22,*
Integrated Day Charter School District,2640013,Math,F,47,*,43,*,51,*,64,*,92,35.9,102,*
Integrated Day Charter School District,2640013,Math,N,123,31.7,122,38.5,125,34.4,120,44.2,96,53.1,100,47
Integrated Day Charter School District,2640013,Math,R,22,*,25,*,16,*,13,*,25,*,22,*
Interdistrict School for Arts and Comm District,2650013,ELA,F,150,22,160,28.8,168,24.4,150,26,169,30.2,170,29.4
Interdistrict School for Arts and Comm District,2650013,ELA,N,77,*,72,*,76,*,78,39.7,75,46.7,69,*
Interdistrict School for Arts and Comm District,2650013,ELA,R,32,*,30,33.3,15,*,27,25.9,26,26.9,22,*
Interdistrict School for Arts and Comm District,2650013,Math,F,149,*,160,*,168,*,150,*,169,*,166,19.3
Interdistrict School for Arts and Comm District,2650013,Math,N,77,22.1,72,19.4,76,*,78,15.4,75,26.7,69,*
Interdistrict School for Arts and Comm District,2650013,Math,R,32,*,30,*,15,*,27,*,26,*,21,*
Jumoke Academy District,2610013,ELA,F,222,32,164,27.4,191,*,198,*,97,*,*,*
Jumoke Academy District,2610013,ELA,N,141,49.6,218,36.2,209,45.9,194,42.8,258,23.6,*,*
Jumoke Academy District,2610013,ELA,R,55,36.4,30,*,20,*,18,*,10,*,*,*
Jumoke Academy District,2610013,Math,F,222,16.7,161,17.4,190,*,198,*,97,*,*,*
Jumoke Academy District,2610013,Math,N,142,29.6,218,26.6,208,31.3,192,29.2,257,21.4,*,*
Jumoke Academy District,2610013,Math,R,55,10.9,30,20,20,*,18,*,10,*,*,*
Kent School District,0680011,ELA,F,*,*,*,*,*,*,*,*,20,*,20,*
Kent School District,0680011,ELA,N,130,83.8,134,82.8,124,80.6,96,93.8,93,80.6,89,80.9
Kent School District,0680011,ELA,R,*,*,*,*,*,*,*,*,8,*,6,*
Kent School District,0680011,Math,F,*,*,*,*,*,*,*,*,20,*,20,*
Kent School District,0680011,Math,N,130,73.8,134,*,124,68.5,96,79.2,93,68.8,89,70.8
Kent School District,0680011,Math,R,*,*,*,*,*,*,*,*,8,*,6,*
Killingly School District,0690011,ELA,F,374,46.8,382,40.1,437,46.2,443,47.4,442,31.2,480,29.4
Killingly School District,0690011,ELA,N,517,66.9,539,61.8,466,65.2,445,67.6,480,54.4,448,51.6
Killingly School District,0690011,ELA,R,91,57.1,70,*,81,55.6,95,61.1,60,46.7,62,*
Killingly School District,0690011,Math,F,374,26.5,380,22.1,436,26.6,440,32.5,438,15.8,474,17.3
Killingly School District,0690011,Math,N,516,41.7,538,35.1,466,47.6,442,52,481,34.7,445,35.7
Killingly School District,0690011,Math,R,91,35.2,69,21.7,81,43.2,94,40.4,60,31.7,62,29
Learn,2450014,ELA,F,200,37.5,232,*,283,35,327,35.2,142,*,141,*
Learn,2450014,ELA,N,187,66.3,217,59.4,200,65.5,181,55.8,98,*,103,*
Learn,2450014,ELA,R,26,*,31,*,53,*,67,43.3,14,*,14,*
Learn,2450014,Math,F,200,*,228,16.7,283,14.8,327,19.3,141,*,140,*
Learn,2450014,Math,N,187,41.2,216,44.4,201,41.8,181,43.6,97,46.4,103,49.5
Learn,2450014,Math,R,26,*,31,22.6,53,15.1,67,*,14,*,14,*
Lebanon School District,0710011,ELA,F,73,*,76,*,78,52.6,118,*,96,*,94,*
Lebanon School District,0710011,ELA,N,342,71.9,306,68.6,304,71.7,282,67,276,69.6,281,64.8
Lebanon School District,0710011,ELA,R,24,*,26,*,29,58.6,26,61.5,17,*,20,*
Lebanon School District,0710011,Math,F,73,*,74,35.1,77,*,118,*,93,*,93,*
Lebanon School District,0710011,Math,N,342,62.3,307,57,302,59.9,282,57.1,276,61.2,281,63.7
Lebanon School District,0710011,Math,R,24,*,26,*,29,*,26,*,17,*,20,*
Ledyard School District,0720011,ELA,F,162,*,158,35.4,160,*,249,38.2,174,*,203,34
Ledyard School District,0720011,ELA,N,792,62.1,817,58.8,834,58.8,749,59.3,841,53.2,806,48.6
Ledyard School District,0720011,ELA,R,49,*,50,*,44,*,65,36.9,52,*,46,37
Ledyard School District,0720011,Math,F,162,30.2,154,29.9,159,28.3,249,30.9,174,18.4,203,23.2
Ledyard School District,0720011,Math,N,791,50.8,814,46.6,833,55.7,748,53.9,841,46.5,803,46.1
Ledyard School District,0720011,Math,R,49,44.9,50,42,45,37.8,64,25,52,15.4,47,25.5
Lisbon School District,0730011,ELA,F,52,*,53,*,69,*,89,*,76,*,79,*
Lisbon School District,0730011,ELA,N,187,65.8,197,65.5,163,67.5,155,65.8,160,60.6,155,55.5
Lisbon School District,0730011,ELA,R,10,*,13,*,15,*,17,*,13,*,15,*
Lisbon School District,0730011,Math,F,52,*,53,*,69,*,89,*,75,*,78,*
Lisbon School District,0730011,Math,N,187,43.9,197,41.1,163,46,153,*,160,64.4,155,60
Lisbon School District,0730011,Math,R,10,*,13,*,15,*,17,*,13,*,15,*
Litchfield School District,0740011,ELA,F,55,*,50,*,61,62.3,59,62.7,61,*,58,*
Litchfield School District,0740011,ELA,N,370,80.3,343,77.6,307,76.9,298,71.5,301,66.1,282,73.4
Litchfield School District,0740011,ELA,R,7,*,10,*,25,72,27,*,18,*,29,*
Litchfield School District,0740011,Math,F,55,*,50,*,61,60.7,59,44.1,60,*,58,*
Litchfield School District,0740011,Math,N,370,71.6,344,72.7,307,73.6,298,75.5,301,66.4,282,70.2
Litchfield School District,0740011,Math,R,7,*,10,*,25,68,27,74.1,18,*,29,62.1
Madison School District,0760011,ELA,F,34,*,26,*,28,*,29,*,33,*,31,*
Madison School District,0760011,ELA,N,1163,72,1109,67.4,986,66.9,968,70.8,985,75.1,986,80.2
Madison School District,0760011,ELA,R,14,*,16,*,22,*,17,*,12,*,14,*
Madison School District,0760011,Math,F,34,*,26,*,27,*,28,*,33,*,31,*
Madison School District,0760011,Math,N,1156,64,1099,63.2,985,65.9,965,68.4,985,73,985,80.5
Madison School District,0760011,Math,R,14,*,16,*,22,*,17,*,12,*,14,*
Manchester School District,0770011,ELA,F,1395,28,1305,22.3,1454,24.2,1453,23.9,1321,19.3,1284,18.5
Manchester School District,0770011,ELA,N,1068,56.8,1202,52.2,1027,52.3,966,51.7,1069,39.6,1177,41.4
Manchester School District,0770011,ELA,R,180,37.8,181,30.9,216,36.6,236,37.3,180,24.4,180,22.2
Manchester School District,0770011,Math,F,1394,17.6,1287,17.2,1443,16.7,1417,16.9,1305,12.1,1275,13.7
Manchester School District,0770011,Math,N,1066,45.7,1199,44.7,1029,42.5,958,45.9,1065,31.1,1163,34
Manchester School District,0770011,Math,R,180,28.3,181,30.9,214,28,234,30.3,178,13.5,181,21
Mansfield School District,0780011,ELA,F,162,58,148,59.5,164,60.4,191,60.2,160,*,150,42.7
Mansfield School District,0780011,ELA,N,560,84.1,570,79.6,529,84.9,533,82,465,81.1,447,74.7
Mansfield School District,0780011,ELA,R,38,68.4,35,51.4,49,67.3,30,70,19,*,29,*
Mansfield School District,0780011,Math,F,161,51.6,148,50,164,53,191,55.5,158,*,148,*
Mansfield School District,0780011,Math,N,562,75.6,570,74.7,525,75.8,531,77.8,462,70.6,447,68.9
Mansfield School District,0780011,Math,R,38,76.3,34,55.9,49,65.3,30,*,19,*,29,65.5
Marlborough School District,0790011,ELA,F,*,*,22,*,33,*,31,*,27,*,29,*
Marlborough School District,0790011,ELA,N,306,76.1,300,73.3,252,71.4,228,68.4,194,67,207,66.7
Marlborough School District,0790011,ELA,R,*,*,7,*,11,*,16,*,8,*,7,*
Marlborough School District,0790011,Math,F,*,*,22,*,33,*,32,*,27,*,29,*
Marlborough School District,0790011,Math,N,305,77.7,300,69.7,252,66.3,228,68.9,194,68.6,207,70
Marlborough School District,0790011,Math,R,*,*,7,*,11,*,16,*,8,*,7,*
Meriden School District,0800011,ELA,F,2046,29.7,2155,28.8,2255,34.7,2308,39.7,2572,35.6,2668,36.9
Meriden School District,0800011,ELA,N,1073,58.2,990,56.2,1063,62.6,786,63.6,815,58.8,838,60.7
Meriden School District,0800011,ELA,R,274,47.8,297,43.1,250,47.2,495,59.4,518,48.6,468,54.3
Meriden School District,0800011,Math,F,2018,18.7,2143,21.6,2213,26.6,2280,30,2554,24.1,2643,29.7
Meriden School District,0800011,Math,N,1063,38.7,987,46.6,1057,52,788,54.9,811,47.6,836,51.7
Meriden School District,0800011,Math,R,272,25.7,295,31.9,249,35.7,490,50,516,35.5,466,44.8
Middletown School District,0830011,ELA,F,830,31.9,784,27.2,913,30.2,814,35.3,865,33.1,847,28.7
Middletown School District,0830011,ELA,N,1130,67.9,1160,63.4,971,62.8,1034,64.6,1024,58.6,1025,53.3
Middletown School District,0830011,ELA,R,128,40.6,159,43.4,131,42.7,127,40.2,123,32.5,134,26.9
Middletown School District,0830011,Math,F,826,18.9,782,17.8,911,21,811,23.7,860,15.7,840,16.8
Middletown School District,0830011,Math,N,1129,54.1,1155,54,968,55.5,1034,54.4,1023,40,1025,40.4
Middletown School District,0830011,Math,R,128,28.9,159,32.7,131,32.1,127,34.6,123,18.7,133,16.5
Milford School District,0840011,ELA,F,491,43.2,465,41.9,550,44.7,587,51.4,496,38.3,427,40
Milford School District,0840011,ELA,N,2066,70.2,2070,70.6,1845,69.7,1719,73.8,1733,62.1,1764,58.3
Milford School District,0840011,ELA,R,140,47.9,105,50.5,155,50.3,132,65.2,105,44.8,118,48.3
Milford School District,0840011,Math,F,490,28.6,463,30,551,41.2,586,40.6,494,27.5,426,31.5
Milford School District,0840011,Math,N,2059,58.2,2055,62.6,1843,66.3,1723,68.5,1732,53.3,1762,53
Milford School District,0840011,Math,R,140,35,105,44.8,155,38.7,133,49.6,105,37.1,118,35.6
Monroe School District,0850011,ELA,F,76,59.2,79,77.2,118,71.2,152,76.3,180,66.7,201,57.2
Monroe School District,0850011,ELA,N,1330,79.8,1343,80.4,1262,79.6,1204,83.5,1270,77.1,1269,75.3
Monroe School District,0850011,ELA,R,30,70,35,*,63,68.3,58,77.6,42,76.2,42,73.8
Monroe School District,0850011,Math,F,76,51.3,79,*,118,56.8,151,65.6,180,46.1,199,43.7
Monroe School District,0850011,Math,N,1330,68,1341,70.2,1261,69.3,1201,74.8,1262,62,1266,67.7
Monroe School District,0850011,Math,R,30,*,35,*,63,47.6,58,63.8,42,52.4,42,61.9
Montville School District,0860011,ELA,F,302,47.7,274,47.4,334,48.2,340,51.8,324,42,333,42.3
Montville School District,0860011,ELA,N,633,67.3,632,65.5,589,67.1,544,71.1,562,57.5,540,58.3
Montville School District,0860011,ELA,R,109,56,137,53.3,98,53.1,80,50,74,48.6,69,39.1
Montville School District,0860011,Math,F,301,32.9,274,37.6,332,47.9,340,46.8,323,30.7,333,34.2
Montville School District,0860011,Math,N,633,53.6,631,58.3,588,62.8,540,66.5,561,44.7,540,51.7
Montville School District,0860011,Math,R,109,43.1,137,49.6,98,44.9,80,47.5,74,37.8,70,38.6
Naugatuck School District,0880011,ELA,F,796,36.3,742,33.4,837,42.5,894,46.2,949,29.6,973,29.8
Naugatuck School District,0880011,ELA,N,973,57.9,986,58.7,873,62.7,875,64.8,800,51.9,768,52.7
Naugatuck School District,0880011,ELA,R,182,48.4,192,47.4,189,49.2,182,50,173,42.8,166,34.9
Naugatuck School District,0880011,Math,F,796,23,741,27.8,833,38.8,895,37.9,945,21.7,969,18.3
Naugatuck School District,0880011,Math,N,973,41.2,984,51.8,873,60.6,876,61.1,800,45.5,768,45.2
Naugatuck School District,0880011,Math,R,182,23.6,192,38,189,40.7,182,44.5,172,32,166,31.9
New Beginnings Inc Family Academy District,2800013,ELA,F,181,29.8,231,24.2,225,24,212,33.5,244,30.7,166,22.3
New Beginnings Inc Family Academy District,2800013,ELA,N,19,*,*,*,13,*,31,*,*,*,*,*
New Beginnings Inc Family Academy District,2800013,ELA,R,37,*,*,*,12,*,13,*,*,*,*,*
New Beginnings Inc Family Academy District,2800013,Math,F,181,17.7,231,11.7,224,10.7,212,21.2,242,12.4,166,15.1
New Beginnings Inc Family Academy District,2800013,Math,N,19,*,*,*,13,*,31,*,*,*,*,*
New Beginnings Inc Family Academy District,2800013,Math,R,37,*,*,*,12,*,13,*,*,*,*,*
New Britain School District,0890011,ELA,F,3329,17.8,3711,16.6,4073,19.3,3900,17.1,3129,13.3,3089,12.7
New Britain School District,0890011,ELA,N,760,38.6,690,34.5,567,*,622,37.3,972,26,975,24.2
New Britain School District,0890011,ELA,R,242,30.6,55,20,16,*,132,31.1,314,16.6,307,22.5
New Britain School District,0890011,Math,F,3306,9.6,3697,9.9,4062,11.5,3869,9.2,3106,5.2,3054,7.4
New Britain School District,0890011,Math,N,755,23.7,686,24.2,567,*,618,23.8,962,14.6,970,17.3
New Britain School District,0890011,Math,R,241,19.5,55,16.4,16,*,132,16.7,314,8,304,16.1
New Canaan School District,0900011,ELA,F,*,*,*,*,*,*,*,*,*,*,54,42.6
New Canaan School District,0900011,ELA,N,2016,83.3,2015,87.9,*,*,1967,89.6,1908,84.1,1873,84.5
New Canaan School District,0900011,Math,F,*,*,*,*,*,*,*,*,*,*,53,50.9
New Canaan School District,0900011,Math,N,2017,79.1,2012,85.1,*,*,1966,88.3,1908,82,1872,83.8
New Fairfield School District,0910011,ELA,F,72,*,58,*,98,71.4,108,66.7,110,60,127,58.3
New Fairfield School District,0910011,ELA,N,888,73.6,905,72.9,801,77.7,824,74.2,798,68.5,765,67.1
New Fairfield School District,0910011,ELA,R,25,*,7,*,31,74.2,27,77.8,41,58.5,46,47.8
New Fairfield School District,0910011,Math,F,69,*,58,*,96,64.6,107,*,110,54.5,127,54.3
New Fairfield School District,0910011,Math,N,877,63.2,900,65.3,798,70.6,822,68.5,797,65.2,762,69.7
New Fairfield School District,0910011,Math,R,25,*,7,*,31,54.8,27,74.1,41,53.7,46,60.9
New Hartford School District,0920011,ELA,F,17,*,21,*,25,*,36,*,51,*,47,*
New Hartford School District,0920011,ELA,N,256,68.8,244,62.3,211,68.7,215,66.5,194,59.3,188,62.8
New Hartford School District,0920011,ELA,R,10,*,6,*,14,*,7,*,7,*,9,*
New Hartford School District,0920011,Math,F,17,*,21,*,25,*,36,*,50,*,46,*
New Hartford School District,0920011,Math,N,256,54.3,244,51.2,209,57.9,215,60,193,53.4,188,54.8
New Hartford School District,0920011,Math,R,10,*,6,*,14,*,7,*,7,*,9,*
New Haven School District,0930011,ELA,F,5225,24.2,5627,25,5436,26.1,5298,26.6,5419,17.1,5547,16
New Haven School District,0930011,ELA,N,3578,42.8,3486,41.7,3104,44.5,2256,49.6,2070,39.1,1847,39.4
New Haven School District,0930011,ELA,R,157,52.2,132,34.8,692,41.6,1562,39.1,759,27.1,629,24.6
New Haven School District,0930011,Math,F,5217,11.6,5610,14.2,5420,14.1,5277,15.9,5362,6.9,5492,8.4
New Haven School District,0930011,Math,N,3569,28,3475,31.1,3101,32.8,2247,37.7,2062,23.8,1845,28.1
New Haven School District,0930011,Math,R,157,29.3,132,24.2,691,25.9,1562,23.2,755,11.1,627,15.3
New London School District,0950011,ELA,F,1139,24.9,1300,23.6,1320,26.7,1217,26.5,1160,16.2,1031,15.2
New London School District,0950011,ELA,N,254,42.9,203,45.8,224,52.2,213,56.8,141,51.1,132,55.3
New London School District,0950011,ELA,R,46,*,53,49.1,68,50,93,39.8,77,35.1,159,29.6
New London School District,0950011,Math,F,1135,13.8,1294,14.1,1315,18.3,1214,18.3,1146,8.2,1027,8.5
New London School District,0950011,Math,N,254,34.3,205,36.1,223,35.4,213,44.6,138,30.4,131,35.9
New London School District,0950011,Math,R,45,24.4,53,30.2,69,37.7,92,34.8,77,22.1,157,17.8
New Milford School District,0960011,ELA,F,337,36.2,342,35.1,445,46.3,465,39.6,393,29.5,447,28
New Milford School District,0960011,ELA,N,1422,58.3,1404,55.5,1244,63.7,1137,62.7,1040,52.1,972,46.6
New Milford School District,0960011,ELA,R,109,44,105,41.9,150,48.7,142,52.8,107,30.8,126,31.7
New Milford School District,0960011,Math,F,331,29.9,337,30.9,443,32.3,461,35.4,388,17.5,442,17.9
New Milford School District,0960011,Math,N,1397,51.4,1385,51.6,1237,53.8,1129,58.4,1033,41.8,966,38.4
New Milford School District,0960011,Math,R,107,37.4,106,40.6,145,35.9,143,49,104,26.9,126,28.6
Newington School District,0940011,ELA,F,344,40.7,360,34.7,433,46.7,499,43.5,450,40.2,495,37.8
Newington School District,0940011,ELA,N,1451,62.2,1446,59.1,1321,65.3,1242,62.2,1143,58.6,1126,58.3
Newington School District,0940011,ELA,R,100,50,95,45.3,143,50.3,144,50.7,112,35.7,97,38.1
Newington School District,0940011,Math,F,343,35.3,359,36.8,434,39.2,497,39.8,446,28.3,487,30.2
Newington School District,0940011,Math,N,1449,54.9,1443,53.9,1320,57.9,1239,58.7,1135,49.5,1124,53
Newington School District,0940011,Math,R,100,44,95,35.8,142,38.7,144,45.8,111,24.3,96,30.2
Newtown School District,0970011,ELA,F,113,61.1,119,*,129,56.6,184,54.9,184,45.7,191,43.5
Newtown School District,0970011,ELA,N,1909,76.6,1789,72.6,1723,75.8,1614,77.3,1500,75.5,1499,72.3
Newtown School District,0970011,ELA,R,43,46.5,45,*,35,48.6,56,51.8,50,56,66,37.9
Newtown School District,0970011,Math,F,112,51.8,119,*,129,*,184,45.7,183,38.3,191,37.2
Newtown School District,0970011,Math,N,1907,72.4,1786,70.5,1723,69.4,1614,70.4,1499,68.4,1496,69.4
Newtown School District,0970011,Math,R,43,48.8,45,*,35,*,56,51.8,50,36,66,43.9
Norfolk School District,0980011,ELA,F,*,*,*,*,*,*,*,*,*,*,*,*
Norfolk School District,0980011,ELA,N,49,61.2,34,58.8,30,66.7,34,73.5,28,*,21,*
Norfolk School District,0980011,ELA,R,*,*,*,*,*,*,*,*,*,*,*,*
Norfolk School District,0980011,Math,F,*,*,*,*,*,*,*,*,*,*,*,*
Norfolk School District,0980011,Math,N,49,61.2,34,*,30,63.3,34,67.6,26,*,21,*
Norfolk School District,0980011,Math,R,*,*,*,*,*,*,*,*,*,*,*,*
North Branford School District,0990011,ELA,F,112,51.8,112,*,139,38.8,145,39.3,126,*,137,48.9
North Branford School District,0990011,ELA,N,693,62.6,669,62.9,642,60.4,607,56.7,571,65.5,537,63.1
North Branford School District,0990011,ELA,R,37,40.5,32,*,40,62.5,48,47.9,27,*,30,53.3
North Branford School District,0990011,Math,F,112,*,111,35.1,139,32.4,143,32.2,125,*,137,46
North Branford School District,0990011,Math,N,693,49.5,668,52.8,642,52.2,607,56.3,570,57.7,537,60.3
North Branford School District,0990011,Math,R,37,27,32,21.9,40,47.5,48,41.7,27,*,30,*
North Canaan School District,1000011,ELA,F,33,*,36,*,43,*,52,*,51,*,43,*
North Canaan School District,1000011,ELA,N,111,63.1,126,66.7,94,72.3,74,77,94,68.1,91,69.2
North Canaan School District,1000011,ELA,R,11,*,8,*,25,*,20,*,12,*,11,*
North Canaan School District,1000011,Math,F,33,*,36,*,43,*,52,36.5,51,*,43,*
North Canaan School District,1000011,Math,N,111,52.3,126,52.4,94,55.3,74,59.5,94,50,91,63.7
North Canaan School District,1000011,Math,R,11,*,8,*,25,*,20,*,11,*,11,*
North Haven School District,1010011,ELA,F,160,53.1,146,43.2,144,50,189,57.1,237,49.8,235,48.5
North Haven School District,1010011,ELA,N,1215,74.8,1217,72.5,1240,73.9,1105,76.1,1094,70.5,1132,66.8
North Haven School District,1010011,ELA,R,69,47.8,46,63,44,63.6,83,66.3,60,41.7,81,51.9
North Haven School District,1010011,Math,F,160,41.3,144,35.4,144,*,189,49.7,236,42.4,233,43.8
North Haven School District,1010011,Math,N,1211,63.6,1213,66,1235,66.1,1102,68.2,1092,59.4,1129,62.7
North Haven School District,1010011,Math,R,69,42,46,50,44,*,83,59,60,36.7,81,40.7
North Stonington School District,1020011,ELA,F,39,*,*,*,*,*,31,*,57,*,48,*
North Stonington School District,1020011,ELA,N,288,80.6,308,78.9,316,80.7,300,81,267,71.5,253,68
North Stonington School District,1020011,ELA,R,11,*,*,*,*,*,11,*,20,*,29,*
North Stonington School District,1020011,Math,F,39,*,*,*,*,*,31,*,57,*,48,*
North Stonington School District,1020011,Math,N,288,71.9,308,73.7,316,75,300,80.7,267,71.9,253,78.3
North Stonington School District,1020011,Math,R,10,*,*,*,*,*,11,*,20,*,29,*
Norwalk School District,1030011,ELA,F,2330,32,2356,33.2,2595,35.1,2674,34.1,2176,29.4,2194,28.4
Norwalk School District,1030011,ELA,N,2254,63,2295,64,2103,65,1916,68.5,2291,51.5,2306,49.5
Norwalk School District,1030011,ELA,R,450,44.9,474,47.9,462,46.5,544,45.4,398,35.4,372,32.5
Norwalk School District,1030011,Math,F,2331,19.9,2347,24.4,2593,27.3,2673,27.2,2160,20.1,2186,22.2
Norwalk School District,1030011,Math,N,2246,48.7,2294,54.4,2108,58.7,1915,59.2,2285,39.8,2300,42.8
Norwalk School District,1030011,Math,R,450,32,474,39.7,461,38.4,543,40.3,397,27.2,370,27
Norwich School District,1040011,ELA,F,1485,26.5,1477,25.9,1491,26,1321,28.8,1207,19.5,1122,20.4
Norwich School District,1040011,ELA,N,477,51.8,484,51,402,53.7,615,49.4,673,36,754,30.9
Norwich School District,1040011,ELA,R,203,39.4,209,44.5,183,41,195,32.8,190,24.2,201,27.4
Norwich School District,1040011,Math,F,1482,15.7,1472,18.9,1486,18.3,1320,21.7,1190,11.3,1115,14.6
Norwich School District,1040011,Math,N,476,34.7,483,37.7,402,45,612,39.1,672,25.7,747,22.9
Norwich School District,1040011,Math,R,203,28.1,209,34.9,183,34.4,194,24.7,189,15.9,202,16.8
Odyssey Community School District,2630013,ELA,F,58,*,51,*,*,*,63,*,70,35.7,81,*
Odyssey Community School District,2630013,ELA,N,147,61.2,150,55.3,179,51.4,130,64.6,111,61.3,118,58.5
Odyssey Community School District,2630013,ELA,R,10,*,11,*,*,*,25,*,23,*,17,*
Odyssey Community School District,2630013,Math,F,58,*,51,*,*,*,63,*,70,*,81,*
Odyssey Community School District,2630013,Math,N,147,40.8,150,47.3,179,39.7,129,48.8,111,47.7,118,*
Odyssey Community School District,2630013,Math,R,10,*,11,*,*,*,25,*,23,*,17,*
Old Saybrook School District,1060011,ELA,F,102,*,75,*,104,*,104,*,102,*,104,*
Old Saybrook School District,1060011,ELA,N,486,73.9,451,71.6,410,68.3,375,77.9,337,70.6,331,73.7
Old Saybrook School District,1060011,ELA,R,22,*,19,*,27,*,39,71.8,34,*,21,*
Old Saybrook School District,1060011,Math,F,100,*,75,*,103,*,104,*,101,38.6,103,*
Old Saybrook School District,1060011,Math,N,486,58.8,451,63.4,409,62.1,374,71.7,335,65.1,331,61.3
Old Saybrook School District,1060011,Math,R,22,*,19,*,27,*,39,*,33,51.5,21,*
Orange School District,1070011,ELA,F,32,*,34,*,60,*,61,39.3,73,63,65,*
Orange School District,1070011,ELA,N,680,79.3,625,76.2,587,77.3,577,81.5,581,74,624,71.3
Orange School District,1070011,ELA,R,8,*,6,*,26,*,29,44.8,23,56.5,22,*
Orange School District,1070011,Math,F,31,*,34,*,60,*,61,*,73,*,65,*
Orange School District,1070011,Math,N,680,71.2,625,71.4,585,73.3,574,72.6,581,65.6,622,68.3
Orange School District,1070011,Math,R,8,*,6,*,26,*,29,*,23,*,22,*
Oxford School District,1080011,ELA,F,60,*,65,*,61,*,84,*,111,*,93,*
Oxford School District,1080011,ELA,N,863,65.7,835,64.2,807,65.8,733,69.7,623,62.9,634,62.5
Oxford School District,1080011,ELA,R,26,*,15,*,11,*,36,*,14,*,17,*
Oxford School District,1080011,Math,F,60,*,65,*,61,*,84,42.9,111,*,93,*
Oxford School District,1080011,Math,N,862,54.9,831,56,804,57.1,733,59.9,621,52.7,631,52.6
Oxford School District,1080011,Math,R,25,*,15,*,11,*,36,41.7,13,*,17,*
Park City Prep Charter School District,2830013,ELA,F,235,34,220,34.5,216,28.2,242,42.6,218,48.2,239,45.6
Park City Prep Charter School District,2830013,ELA,N,79,*,77,*,82,*,55,60,82,*,98,51
Park City Prep Charter School District,2830013,ELA,R,32,*,45,*,48,*,53,58.5,36,*,36,47.2
Park City Prep Charter School District,2830013,Math,F,235,14.9,217,14.3,215,16.3,238,29.8,213,30.5,235,32.3
Park City Prep Charter School District,2830013,Math,N,79,38,76,26.3,82,29.3,55,40,81,34.6,94,39.4
Park City Prep Charter School District,2830013,Math,R,32,34.4,45,20,48,18.8,52,40.4,35,22.9,36,41.7
Plainfield School District,1090011,ELA,F,449,46.1,386,47.4,425,45.9,478,49.2,431,36,439,42.6
Plainfield School District,1090011,ELA,N,474,66.9,531,65.7,448,63.8,390,69,380,52.9,335,55.5
Plainfield School District,1090011,ELA,R,94,61.7,92,54.3,101,68.3,95,55.8,75,38.7,77,40.3
Plainfield School District,1090011,Math,F,449,33,386,30.6,425,37.2,479,34.4,431,19.7,437,25.9
Plainfield School District,1090011,Math,N,474,51.3,531,54,448,52.5,391,53.2,379,40.1,335,47.2
Plainfield School District,1090011,Math,R,94,41.5,91,46.2,101,54.5,95,52.6,75,32,77,36.4
Plainville School District,1100011,ELA,F,282,44,255,41.2,311,50.8,335,54,365,38.6,353,36.8
Plainville School District,1100011,ELA,N,690,63.9,737,61.9,633,69.8,606,72.1,597,64.7,594,62.8
Plainville School District,1100011,ELA,R,70,55.7,59,47.5,84,65.5,89,55.1,77,45.5,83,45.8
Plainville School District,1100011,Math,F,281,32,253,28.9,311,41.5,335,38.8,364,24.5,352,30.4
Plainville School District,1100011,Math,N,691,47.5,737,51.6,633,61.5,606,62,597,50.8,593,58.3
Plainville School District,1100011,Math,R,70,44.3,59,39,84,51.2,86,48.8,77,26,83,34.9
Plymouth School District,1110011,ELA,F,184,41.8,179,46.9,212,44.3,216,50.9,210,40,219,*
Plymouth School District,1110011,ELA,N,434,62,443,60.5,401,56.9,361,67.6,325,62.8,307,51.8
Plymouth School District,1110011,ELA,R,39,41,45,40,52,46.2,69,56.5,50,56,52,*
Plymouth School District,1110011,Math,F,184,33.2,179,39.7,212,42.9,216,41.2,208,32.2,217,31.3
Plymouth School District,1110011,Math,N,434,51.4,443,56,400,59.3,361,61.8,326,53.1,307,48.9
Plymouth School District,1110011,Math,R,39,30.8,46,39.1,52,53.8,69,50.7,50,*,52,34.6
Pomfret School District,1120011,ELA,F,42,*,*,*,41,*,45,*,42,*,44,*
Pomfret School District,1120011,ELA,N,220,75.9,210,67.6,195,72.3,209,70.8,197,66.5,194,73.7
Pomfret School District,1120011,ELA,R,13,*,*,*,25,*,13,*,6,*,7,*
Pomfret School District,1120011,Math,F,42,*,*,*,41,*,44,*,42,*,44,*
Pomfret School District,1120011,Math,N,220,66.8,211,64.5,195,66.7,209,66,197,63.5,194,74.2
Pomfret School District,1120011,Math,R,13,*,*,*,25,*,13,*,6,*,7,*
Portland School District,1130011,ELA,F,115,56.5,113,52.2,138,*,145,38.6,143,*,161,*
Portland School District,1130011,ELA,N,491,80.9,475,77.7,438,77.2,426,73.5,430,68.4,426,71.4
Portland School District,1130011,ELA,R,23,60.9,25,72,25,*,27,*,21,*,33,*
Portland School District,1130011,Math,F,115,*,112,*,138,39.1,144,31.9,143,23.8,160,27.5
Portland School District,1130011,Math,N,491,69.7,474,69,437,71.6,426,72.1,430,62.8,425,66.4
Portland School District,1130011,Math,R,23,*,25,*,25,*,27,*,21,33.3,33,*
Preston School District,1140011,ELA,F,44,*,54,*,61,*,69,*,52,*,52,*
Preston School District,1140011,ELA,N,207,70,209,71.8,202,62.9,185,66.5,190,58.4,191,65.4
Preston School District,1140011,ELA,R,18,*,16,*,10,*,19,*,21,*,21,*
Preston School District,1140011,Math,F,44,*,54,*,62,*,69,*,52,*,52,42.3
Preston School District,1140011,Math,N,206,60.7,210,55.2,201,51.7,185,55.7,190,45.3,192,50.5
Preston School District,1140011,Math,R,18,*,16,*,10,*,19,*,21,*,21,28.6
Putnam School District,1160011,ELA,F,251,35.1,261,41.8,260,41.2,274,41.2,208,29.8,230,23.5
Putnam School District,1160011,ELA,N,219,64.4,218,64.7,198,70.2,189,68.8,261,47.5,242,43
Putnam School District,1160011,ELA,R,52,51.9,57,43.9,63,50.8,60,48.3,37,18.9,34,35.3
Putnam School District,1160011,Math,F,251,28.3,256,28.9,259,29,272,29.4,204,20.6,231,19.9
Putnam School District,1160011,Math,N,217,45.6,212,49.5,198,54.5,188,55.9,259,41.3,240,36.7
Putnam School District,1160011,Math,R,52,36.5,57,35.1,63,33.3,60,36.7,36,27.8,34,*
Redding School District,1170011,ELA,F,*,*,16,*,31,67.7,32,*,46,*,41,*
Redding School District,1170011,ELA,N,637,79.3,611,*,540,79.8,486,80,446,74.7,481,74.2
Redding School District,1170011,ELA,R,*,*,*,*,23,73.9,13,*,11,*,6,*
Redding School District,1170011,Math,F,*,*,16,*,31,61.3,32,*,46,*,41,*
Redding School District,1170011,Math,N,637,74.7,611,*,538,79.6,485,79.2,442,72.6,480,73.5
Redding School District,1170011,Math,R,*,*,*,*,23,*,14,*,10,*,6,*
Regional School District 01,2010012,ELA,F,*,*,*,*,*,*,*,*,*,*,*,*
Regional School District 01,2010012,ELA,N,*,*,*,*,*,*,*,*,*,*,*,*
Regional School District 01,2010012,ELA,R,*,*,*,*,*,*,*,*,*,*,*,*
Regional School District 01,2010012,Math,F,*,*,*,*,*,*,*,*,*,*,*,*
Regional School District 01,2010012,Math,N,*,*,*,*,*,*,*,*,*,*,*,*
Regional School District 01,2010012,Math,R,*,*,*,*,*,*,*,*,*,*,*,*
Regional School District 04,2040012,ELA,F,37,*,22,*,20,*,49,*,41,*,45,*
Regional School District 04,2040012,ELA,N,265,70.6,295,72.9,292,79.5,213,71.4,180,62.8,165,66.1
Regional School District 04,2040012,ELA,R,6,*,12,*,6,*,18,*,18,*,17,*
Regional School District 04,2040012,Math,F,37,*,21,*,19,*,49,*,41,*,45,*
Regional School District 04,2040012,Math,N,265,57.4,291,60.1,292,64.7,213,59.6,179,48.6,166,52.4
Regional School District 04,2040012,Math,R,6,*,12,*,6,*,18,*,18,*,18,*
Regional School District 05,2050012,ELA,F,24,*,30,*,56,69.6,73,*,85,*,84,65.5
Regional School District 05,2050012,ELA,N,704,79.7,721,79.2,627,86.1,571,86.3,596,77.2,596,78.7
Regional School District 05,2050012,ELA,R,10,*,8,*,25,76,15,*,25,*,25,60
Regional School District 05,2050012,Math,F,24,*,30,*,56,*,73,*,82,*,83,55.4
Regional School District 05,2050012,Math,N,704,69.3,721,72.4,625,77.6,571,82,594,65.5,593,71.5
Regional School District 05,2050012,Math,R,10,*,8,*,25,64,15,*,25,*,24,*
Regional School District 06,2060012,ELA,F,35,*,23,*,20,*,35,*,58,*,62,*
Regional School District 06,2060012,ELA,N,267,70.4,254,69.3,259,77.6,243,78.6,232,78.9,224,77.7
Regional School District 06,2060012,ELA,R,11,*,13,*,12,*,13,*,18,*,17,*
Regional School District 06,2060012,Math,F,35,*,23,*,20,*,35,*,57,*,61,*
Regional School District 06,2060012,Math,N,267,50.6,252,55.6,257,68.1,243,68.7,231,71.9,224,79
Regional School District 06,2060012,Math,R,11,*,13,*,12,*,13,*,18,*,16,*
Regional School District 07,2070012,ELA,F,*,*,32,*,44,*,33,*,52,*,52,*
Regional School District 07,2070012,ELA,N,286,72.7,296,74.3,252,72.6,232,73.3,173,67.1,181,74.6
Regional School District 07,2070012,ELA,R,*,*,8,*,7,*,14,*,9,*,22,*
Regional School District 07,2070012,Math,F,*,*,32,*,44,*,33,*,50,*,53,39.6
Regional School District 07,2070012,Math,N,286,69.2,296,59.1,250,54.8,231,50.6,172,54.7,181,69.6
Regional School District 07,2070012,Math,R,*,*,8,*,7,*,14,*,9,*,22,*
Regional School District 08,2080012,ELA,F,29,*,33,*,46,*,66,*,57,*,44,*
Regional School District 08,2080012,ELA,N,514,72.2,458,69.2,399,77.7,401,70.8,310,63.5,314,57
Regional School District 08,2080012,ELA,R,15,*,15,*,19,*,17,*,9,*,8,*
Regional School District 08,2080012,Math,F,30,*,33,*,46,*,66,*,57,*,44,*
Regional School District 08,2080012,Math,N,513,60,457,67,398,66.1,401,61.8,309,49.8,314,53.5
Regional School District 08,2080012,Math,R,15,*,15,*,19,*,17,*,9,*,8,*
Regional School District 10,2100012,ELA,F,61,*,57,*,93,50.5,97,*,126,*,135,*
Regional School District 10,2100012,ELA,N,1045,70.7,1063,72.4,953,76.8,883,75.4,840,64.6,797,66.8
Regional School District 10,2100012,ELA,R,12,*,7,*,33,69.7,32,*,29,*,30,*
Regional School District 10,2100012,Math,F,61,*,56,*,93,39.8,96,45.8,126,*,134,*
Regional School District 10,2100012,Math,N,1044,60,1061,68.1,953,67.9,883,72.6,838,55.6,797,61.4
Regional School District 10,2100012,Math,R,12,*,7,*,33,63.6,32,59.4,29,*,30,63.3
Regional School District 11,2110012,ELA,F,*,*,*,*,*,*,*,*,*,*,24,*
Regional School District 11,2110012,ELA,N,65,*,66,66.7,56,*,49,77.6,57,54.4,63,60.3
Regional School District 11,2110012,ELA,R,*,*,*,*,*,*,*,*,*,*,11,*
Regional School District 11,2110012,Math,F,*,*,*,*,*,*,*,*,*,*,24,*
Regional School District 11,2110012,Math,N,64,35.9,66,33.3,57,42.1,49,*,57,43.9,62,41.9
Regional School District 11,2110012,Math,R,*,*,*,*,*,*,*,*,*,*,11,*
Regional School District 12,2120012,ELA,F,*,*,*,*,*,*,48,*,50,*,61,*
Regional School District 12,2120012,ELA,N,284,77.8,270,78.5,250,76.4,204,80.9,209,88,215,80.9
Regional School District 12,2120012,ELA,R,*,*,*,*,*,*,18,*,13,*,6,*
Regional School District 12,2120012,Math,F,*,*,*,*,*,*,47,*,50,*,61,*
Regional School District 12,2120012,Math,N,283,69.3,268,71.3,248,73,204,80.9,209,75.6,214,64.5
Regional School District 12,2120012,Math,R,*,*,*,*,*,*,18,*,13,*,6,*
Regional School District 13,2130012,ELA,F,49,*,53,*,58,*,76,*,82,*,78,*
Regional School District 13,2130012,ELA,N,751,68,729,68,697,71.6,594,73.6,494,65.4,525,64.6
Regional School District 13,2130012,ELA,R,18,*,18,*,12,*,34,67.6,22,*,20,*
Regional School District 13,2130012,Math,F,49,*,53,*,58,*,76,39.5,82,*,77,*
Regional School District 13,2130012,Math,N,750,54.1,729,59.5,695,61.9,594,68.7,492,51.8,521,57.8
Regional School District 13,2130012,Math,R,18,*,18,*,12,*,34,47.1,22,*,20,*
Regional School District 14,2140012,ELA,F,68,51.5,71,*,97,45.4,99,49.5,106,49.1,113,47.8
Regional School District 14,2140012,ELA,N,571,64.4,615,62.6,530,68.3,505,65,446,63.9,453,63.4
Regional School District 14,2140012,ELA,R,21,61.9,13,*,38,65.8,45,57.8,36,44.4,29,48.3
Regional School District 14,2140012,Math,F,68,*,71,*,97,26.8,99,34.3,106,42.5,113,46.9
Regional School District 14,2140012,Math,N,570,47.9,615,43.3,530,50.4,505,55.6,443,59.1,451,58.8
Regional School District 14,2140012,Math,R,21,*,13,*,38,39.5,45,40,36,44.4,29,*
Regional School District 15,2150012,ELA,F,101,51.5,74,*,156,56.4,161,59,144,36.8,184,39.1
Regional School District 15,2150012,ELA,N,1657,79.8,1613,77.6,1434,74.7,1356,77.1,1392,60.8,1373,62.1
Regional School District 15,2150012,ELA,R,38,47.4,24,*,52,48.1,61,68.9,39,46.2,39,53.8
Regional School District 15,2150012,Math,F,101,40.6,74,*,156,45.5,161,53.4,138,33.3,184,32.1
Regional School District 15,2150012,Math,N,1654,67.3,1611,70.4,1434,68.3,1355,73.1,1382,60.8,1369,64.6
Regional School District 15,2150012,Math,R,38,31.6,24,*,52,59.6,61,63.9,39,46.2,39,51.3
Regional School District 16,2160012,ELA,F,111,*,101,43.6,121,52.1,138,49.3,137,54.7,157,43.3
Regional School District 16,2160012,ELA,N,842,67.5,845,68.8,840,76.4,774,73.8,689,68.1,665,69.3
Regional School District 16,2160012,ELA,R,47,*,39,51.3,36,77.8,54,68.5,61,57.4,52,48.1
Regional School District 16,2160012,Math,F,110,33.6,99,36.4,121,*,139,38.8,137,40.9,157,45.2
Regional School District 16,2160012,Math,N,838,57.5,841,61.2,841,64.4,774,66.9,688,60.9,664,65.7
Regional School District 16,2160012,Math,R,47,34,39,43.6,36,*,54,55.6,61,52.5,52,55.8
Regional School District 17,2170012,ELA,F,54,53.7,57,*,84,67.9,84,*,73,*,98,64.3
Regional School District 17,2170012,ELA,N,966,75.2,950,74.4,849,74.8,804,73.8,676,72.5,670,74.6
Regional School District 17,2170012,ELA,R,35,*,19,*,26,61.5,28,*,25,64,30,66.7
Regional School District 17,2170012,Math,F,53,*,56,*,83,*,84,*,73,*,98,*
Regional School District 17,2170012,Math,N,964,62.3,947,64.9,847,66.6,802,64.2,676,60.5,668,63.6
Regional School District 17,2170012,Math,R,33,*,19,*,26,57.7,28,*,25,*,30,60
Regional School District 18,2180012,ELA,F,28,*,32,*,74,60.8,88,70.5,63,*,64,*
Regional School District 18,2180012,ELA,N,562,82.4,515,82.3,454,84.1,411,82.5,437,77.8,450,73.3
Regional School District 18,2180012,ELA,R,10,*,8,*,20,80,24,62.5,15,*,13,*
Regional School District 18,2180012,Math,F,28,*,31,*,74,*,88,*,62,*,64,*
Regional School District 18,2180012,Math,N,562,77.8,514,79.8,452,81,410,81.7,436,72.7,450,75.3
Regional School District 18,2180012,Math,R,10,*,8,*,20,*,24,*,15,*,13,*
Ridgefield School District,1180011,ELA,F,48,*,33,*,83,*,104,62.5,112,66.1,122,*
Ridgefield School District,1180011,ELA,N,2262,82.8,2221,80.1,2081,82.2,2033,85.1,1832,79.6,1877,80
Ridgefield School District,1180011,ELA,R,13,*,16,*,29,*,27,74.1,22,68.2,19,*
Ridgefield School District,1180011,Math,F,48,*,33,*,83,*,104,54.8,107,55.1,120,*
Ridgefield School District,1180011,Math,N,2257,71,2214,70.2,2078,73.5,2025,79,1805,72.9,1864,76.9
Ridgefield School District,1180011,Math,R,13,*,16,*,29,*,27,63,22,68.2,19,*
Rocky Hill School District,1190011,ELA,F,150,*,139,42.4,171,57.9,156,53.8,187,*,193,37.3
Rocky Hill School District,1190011,ELA,N,955,72.7,1001,75.3,991,81.8,1059,81,958,77.3,930,75.3
Rocky Hill School District,1190011,ELA,R,29,31,30,*,47,57.4,58,51.7,30,*,41,48.8
Rocky Hill School District,1190011,Math,F,150,28.7,139,28.1,171,*,157,42.7,188,*,192,33.3
Rocky Hill School District,1190011,Math,N,954,61.8,1001,66.5,988,73.5,1057,74.3,958,71.5,929,73.8
Rocky Hill School District,1190011,Math,R,29,37.9,30,26.7,47,*,58,44.8,30,*,41,51.2
Salem School District,1210011,ELA,F,*,*,*,*,*,*,36,*,31,*,49,*
Salem School District,1210011,ELA,N,215,86,229,82.1,214,84.1,232,80.6,204,76,200,66
Salem School District,1210011,ELA,R,*,*,*,*,*,*,9,*,13,*,14,*
Salem School District,1210011,Math,F,*,*,*,*,*,*,36,*,31,*,49,*
Salem School District,1210011,Math,N,215,74.9,229,73.8,214,69.2,231,74.5,205,66.3,200,60
Salem School District,1210011,Math,R,*,*,*,*,*,*,9,*,13,*,14,*
Salisbury School District,1220011,ELA,F,15,*,12,*,*,*,37,*,*,*,*,*
Salisbury School District,1220011,ELA,N,139,84.2,147,74.8,172,78.5,128,84.4,159,77.4,160,66.9
Salisbury School District,1220011,ELA,R,6,*,10,*,*,*,15,*,*,*,*,*
Salisbury School District,1220011,Math,F,15,*,12,*,*,*,37,*,*,*,*,*
Salisbury School District,1220011,Math,N,139,74.8,147,67.3,172,69.8,128,72.7,159,64.8,160,62.5
Salisbury School District,1220011,Math,R,6,*,10,*,*,*,15,*,*,*,*,*
Scotland School District,1230011,ELA,F,*,*,*,*,*,*,*,*,11,*,*,*
Scotland School District,1230011,ELA,N,38,76.3,39,74.4,34,73.5,33,72.7,29,62.1,28,*
Scotland School District,1230011,ELA,R,*,*,*,*,*,*,*,*,9,*,*,*
Scotland School District,1230011,Math,F,*,*,*,*,*,*,*,*,11,*,*,*
Scotland School District,1230011,Math,N,38,*,39,*,35,*,33,78.8,29,*,28,*
Scotland School District,1230011,Math,R,*,*,*,*,*,*,*,*,9,*,*,*
Seymour School District,1240011,ELA,F,231,39,216,39.8,270,38.5,281,38.8,304,34.5,322,39.1
Seymour School District,1240011,ELA,N,739,61.7,753,60.8,662,60.3,619,62.5,571,55.7,532,60.3
Seymour School District,1240011,ELA,R,86,45.3,88,52.3,96,44.8,102,47.1,84,38.1,92,50
Seymour School District,1240011,Math,F,231,34.2,215,32.1,269,33.1,281,32.7,304,30.9,322,34.2
Seymour School District,1240011,Math,N,738,54.1,751,50.3,662,56,619,58.2,571,50.6,531,57.6
Seymour School District,1240011,Math,R,86,38.4,88,43.2,96,44.8,102,41.2,84,33.3,92,41.3
Sharon School District,1250011,ELA,F,19,*,*,*,21,*,18,*,13,*,21,*
Sharon School District,1250011,ELA,N,75,54.7,77,54.5,60,53.3,49,61.2,38,*,36,72.2
Sharon School District,1250011,ELA,R,8,*,*,*,13,*,12,*,12,*,6,*
Sharon School District,1250011,Math,F,19,*,*,*,19,*,17,*,13,*,21,*
Sharon School District,1250011,Math,N,75,38.7,76,38.2,60,51.7,50,56,38,36.8,36,*
Sharon School District,1250011,Math,R,8,*,*,*,13,*,12,*,12,*,6,*
Shelton School District,1260011,ELA,F,407,49.9,361,49,448,58,496,56.7,526,46,542,41.7
Shelton School District,1260011,ELA,N,1761,76.3,1690,74.1,1579,76.2,1513,75.8,1480,65.8,1449,60.9
Shelton School District,1260011,ELA,R,122,61.5,112,65.2,145,71.7,175,68,117,42.7,132,43.2
Shelton School District,1260011,Math,F,406,33.3,361,36,448,43.3,495,45.3,525,34.9,540,39.4
Shelton School District,1260011,Math,N,1758,62.9,1689,62.8,1578,69.3,1512,68.3,1476,60.3,1445,61.2
Shelton School District,1260011,Math,R,122,43.4,111,55,145,59.3,175,54.9,117,36.8,132,47.7
Sherman School District,1270011,ELA,F,*,*,*,*,*,*,*,*,*,*,*,*
Sherman School District,1270011,ELA,N,164,69.5,178,71.9,177,67.8,173,64.2,171,70.8,145,76.6
Sherman School District,1270011,ELA,R,*,*,*,*,*,*,*,*,*,*,*,*
Sherman School District,1270011,Math,F,*,*,*,*,*,*,*,*,*,*,*,*
Sherman School District,1270011,Math,N,164,64.6,176,61.9,175,59.4,173,60.7,170,58.2,143,69.9
Sherman School District,1270011,Math,R,*,*,*,*,*,*,*,*,*,*,*,*
Side By Side Charter School District,2700013,ELA,F,60,*,*,*,66,*,63,*,59,*,56,*
Side By Side Charter School District,2700013,ELA,N,60,70,65,63.1,49,*,51,*,60,61.7,64,59.4
Side By Side Charter School District,2700013,ELA,R,9,*,*,*,12,*,16,*,12,*,10,*
Side By Side Charter School District,2700013,Math,F,60,*,*,*,66,*,63,*,59,*,56,*
Side By Side Charter School District,2700013,Math,N,59,*,65,*,49,*,51,*,60,*,64,65.6
Side By Side Charter School District,2700013,Math,R,9,*,*,*,12,*,16,*,12,*,10,*
Simsbury School District,1280011,ELA,F,166,*,142,*,122,47.5,200,56,238,52.5,247,*
Simsbury School District,1280011,ELA,N,1730,83.4,1669,83.6,1638,86.1,1476,85.5,1525,79.2,1556,79.9
Simsbury School District,1280011,ELA,R,34,67.6,38,*,72,70.8,59,72.9,44,61.4,47,74.5
Simsbury School District,1280011,Math,F,159,34,141,34,122,34.4,199,44.2,238,42.9,248,40.7
Simsbury School District,1280011,Math,N,1724,71.2,1659,73.1,1632,72,1477,74.4,1523,70.9,1553,76.6
Simsbury School District,1280011,Math,R,34,41.2,38,36.8,72,50,59,59.3,44,50,47,68.1
Somers School District,1290011,ELA,F,*,*,48,*,63,*,56,*,*,*,*,*
Somers School District,1290011,ELA,N,600,71.2,607,64.4,569,61.3,514,64,522,61.1,556,64.4
Somers School District,1290011,ELA,R,*,*,7,*,12,*,11,*,*,*,*,*
Somers School District,1290011,Math,F,*,*,48,*,63,*,56,*,*,*,*,*
Somers School District,1290011,Math,N,598,56.9,605,*,564,57.1,514,56.6,522,48.7,556,54.3
Somers School District,1290011,Math,R,*,*,7,*,12,*,11,*,*,*,*,*
South Windsor School District,1320011,ELA,F,184,51.1,188,49.5,244,49.2,258,44.6,307,50.2,295,38.6
South Windsor School District,1320011,ELA,N,1596,79.9,1649,78.3,1586,78.8,1633,80,1865,79,1962,75.1
South Windsor School District,1320011,ELA,R,65,67.7,49,63.3,76,59.2,83,60.2,89,49.4,86,41.9
South Windsor School District,1320011,Math,F,183,38.3,187,38.5,244,39.8,257,39.3,305,38,293,35.8
South Windsor School District,1320011,Math,N,1593,73.9,1648,73.9,1586,74.6,1633,76.4,1864,73.2,1949,73.5
South Windsor School District,1320011,Math,R,65,52.3,49,46.9,76,51.3,83,60.2,89,39.3,85,45.9
Southington School District,1310011,ELA,F,415,45.8,381,45.4,472,47.9,521,48.6,508,46.1,580,49.1
Southington School District,1310011,ELA,N,2565,69.7,2571,70.9,2338,72.7,2229,73.2,2103,69.3,2073,67.7
Southington School District,1310011,ELA,R,107,57,83,53,163,55.8,161,60.2,108,48.1,115,43.5
Southington School District,1310011,Math,F,413,32.9,380,36.8,474,34,520,40.2,506,36.8,577,40.9
Southington School District,1310011,Math,N,2563,61.4,2570,63,2336,64,2227,68.2,2098,64.4,2070,67.6
Southington School District,1310011,Math,R,107,38.3,83,36.1,163,44.8,161,55.3,108,43.5,115,46.1
Sprague School District,1330011,ELA,F,101,*,87,*,92,*,86,29.1,92,*,73,*
Sprague School District,1330011,ELA,N,106,63.2,94,46.8,85,*,72,45.8,65,*,79,35.4
Sprague School District,1330011,ELA,R,12,*,12,*,17,*,23,*,10,*,21,*
Sprague School District,1330011,Math,F,101,*,87,*,92,*,86,*,91,*,73,*
Sprague School District,1330011,Math,N,106,43.4,94,*,85,40,72,31.9,65,*,78,34.6
Sprague School District,1330011,Math,R,12,*,12,*,17,*,23,*,10,*,21,*
Stafford School District,1340011,ELA,F,188,46.8,156,39.7,217,*,226,40.7,177,*,219,*
Stafford School District,1340011,ELA,N,409,70.9,457,66.3,419,63.5,408,63,424,51.2,361,53.7
Stafford School District,1340011,ELA,R,72,73.6,61,50.8,50,*,59,49.2,36,*,28,*
Stafford School District,1340011,Math,F,188,35.1,156,29.5,216,27.3,226,35,177,28.2,217,34.6
Stafford School District,1340011,Math,N,409,58.2,455,49.5,418,51.2,408,53.4,424,44.6,360,45.8
Stafford School District,1340011,Math,R,72,51.4,61,39.3,50,22,59,33.9,35,34.3,27,22.2
Stamford School District,1350011,ELA,F,3375,32.2,3287,30.1,4028,32.6,3799,32.8,3009,27.6,2993,25.1
Stamford School District,1350011,ELA,N,3052,70.2,3284,67,2717,72.2,2902,68.7,3512,52.4,3384,50.2
Stamford School District,1350011,ELA,R,565,43.2,510,42.4,393,45,549,41.7,583,37,740,32.3
Stamford School District,1350011,Math,F,3373,22.4,3279,26.3,4021,25.6,3786,27.4,2995,19.5,2985,20
Stamford School District,1350011,Math,N,3046,63.2,3281,62.5,2709,66.4,2901,64.2,3499,43.3,3371,44.2
Stamford School District,1350011,Math,R,566,33,508,37.6,395,39,548,36.3,580,27.8,738,28.2
Sterling School District,1360011,ELA,F,71,*,62,*,73,*,77,*,67,*,70,*
Sterling School District,1360011,ELA,N,188,61.2,186,54.3,147,*,150,*,135,42.2,117,43.6
Sterling School District,1360011,ELA,R,20,*,26,*,17,*,13,*,7,*,8,*
Sterling School District,1360011,Math,F,71,*,62,*,73,*,77,*,67,*,70,*
Sterling School District,1360011,Math,N,188,33.5,185,34.1,147,*,149,*,135,25.9,117,30.8
Sterling School District,1360011,Math,R,20,*,26,*,17,*,13,*,7,*,8,*
Stonington School District,1370011,ELA,F,165,*,154,56.5,214,61.7,210,64.3,172,*,175,*
Stonington School District,1370011,ELA,N,779,75.2,760,79.1,671,79.3,637,81.2,585,78.3,546,78.2
Stonington School District,1370011,ELA,R,28,*,33,57.6,46,67.4,49,79.6,34,*,35,60
Stonington School District,1370011,Math,F,165,*,154,42.9,213,46.5,210,50,171,43.9,175,47.4
Stonington School District,1370011,Math,N,778,67.5,760,71.1,671,69.7,636,72.5,584,71.4,546,75.1
Stonington School District,1370011,Math,R,29,*,32,50,46,50,48,58.3,34,55.9,34,64.7
Stratford School District,1380011,ELA,F,1126,34.7,1105,32.2,1228,38.4,1333,37.1,1202,30,1166,26.5
Stratford School District,1380011,ELA,N,1716,60.5,1733,59,1504,58.9,1447,58.9,1568,47.3,1501,48.5
Stratford School District,1380011,ELA,R,363,43.8,399,44.9,431,42.5,352,48,280,40,315,36.8
Stratford School District,1380011,Math,F,1125,16.7,1104,18.8,1227,21.8,1333,24.8,1198,18.6,1147,18.7
Stratford School District,1380011,Math,N,1712,40.1,1733,39.8,1502,41.8,1447,45.8,1566,32.6,1489,35.1
Stratford School District,1380011,Math,R,363,24.8,397,27.2,430,30.5,352,36.4,277,23.8,311,28.6
Suffield School District,1390011,ELA,F,109,*,89,*,125,*,117,*,97,45.4,106,40.6
Suffield School District,1390011,ELA,N,891,72.4,862,69.3,788,70.2,730,72.7,708,67.1,726,65.2
Suffield School District,1390011,ELA,R,10,*,16,*,27,*,27,63,35,62.9,35,42.9
Suffield School District,1390011,Math,F,108,*,88,*,124,27.4,118,37.3,97,39.2,106,31.1
Suffield School District,1390011,Math,N,888,53.8,858,56.6,782,59.2,730,65.3,711,64.1,724,65.5
Suffield School District,1390011,Math,R,10,*,16,*,27,*,28,*,35,54.3,35,42.9
The Bridge Academy District,2690013,ELA,F,75,14.7,58,29.3,58,*,60,31.7,67,22.4,47,*
The Bridge Academy District,2690013,ELA,N,8,*,19,*,21,*,20,*,26,*,42,*
The Bridge Academy District,2690013,ELA,R,15,*,13,*,15,*,15,*,8,*,7,*
The Bridge Academy District,2690013,Math,F,75,*,57,12.3,57,12.3,60,10,67,13.4,47,*
The Bridge Academy District,2690013,Math,N,8,*,19,*,21,*,20,*,26,*,42,*
The Bridge Academy District,2690013,Math,R,15,*,13,*,15,*,14,*,8,*,7,*
The Gilbert School District,9020022,ELA,F,64,*,70,*,74,*,63,*,67,*,63,*
The Gilbert School District,9020022,ELA,N,92,52.2,80,*,75,*,72,70.8,68,52.9,59,49.2
The Gilbert School District,9020022,ELA,R,12,*,15,*,10,*,15,*,24,*,14,*
The Gilbert School District,9020022,Math,F,64,*,69,*,75,*,62,*,68,*,63,*
The Gilbert School District,9020022,Math,N,91,30.8,80,*,75,*,72,56.9,68,36.8,59,*
The Gilbert School District,9020022,Math,R,12,*,15,*,10,*,14,*,25,*,13,*
Thomaston School District,1400011,ELA,F,77,*,78,*,82,*,82,36.6,107,*,109,*
Thomaston School District,1400011,ELA,N,339,58.1,334,65.9,290,62.8,269,62.5,255,58,251,55.8
Thomaston School District,1400011,ELA,R,36,*,20,*,21,*,45,37.8,20,*,23,*
Thomaston School District,1400011,Math,F,78,12.8,78,*,81,*,82,26.8,104,*,108,28.7
Thomaston School District,1400011,Math,N,339,52.2,334,49.1,290,48.6,268,45.9,253,43.5,250,51.6
Thomaston School District,1400011,Math,R,36,27.8,20,*,21,*,45,35.6,20,*,23,26.1
Thompson School District,1410011,ELA,F,150,26,129,28.7,168,*,148,20.3,166,*,150,32.7
Thompson School District,1410011,ELA,N,299,41.5,318,50.3,268,52.2,255,51,257,46.7,228,41.2
Thompson School District,1410011,ELA,R,27,33.3,32,*,39,25.6,45,35.6,25,*,43,*
Thompson School District,1410011,Math,F,150,14,129,17.8,168,19,146,18.5,165,30.3,146,30.1
Thompson School District,1410011,Math,N,300,32,318,35.5,267,39.7,254,38.6,257,35.8,228,37.3
Thompson School District,1410011,Math,R,27,*,32,31.3,39,28.2,45,24.4,24,33.3,42,40.5
Tolland School District,1420011,ELA,F,80,*,49,*,98,*,102,39.2,114,*,119,*
Tolland School District,1420011,ELA,N,1100,72.9,1060,71.8,953,70.9,883,65.3,804,63.1,786,68.7
Tolland School District,1420011,ELA,R,26,*,29,*,48,*,49,63.3,36,*,42,*
Tolland School District,1420011,Math,F,80,*,49,*,98,*,101,35.6,114,*,119,*
Tolland School District,1420011,Math,N,1098,69,1059,63.1,952,61.1,879,62.2,805,57.1,784,71
Tolland School District,1420011,Math,R,26,*,29,*,48,*,49,49,36,*,42,*
Torrington School District,1430011,ELA,F,882,35.1,882,35.9,1032,37.6,1075,35.1,1059,36.2,1032,34.6
Torrington School District,1430011,ELA,N,950,52.6,944,50.2,752,58.1,699,56.4,658,50.6,638,49.7
Torrington School District,1430011,ELA,R,167,48.5,161,42.2,188,50.5,192,52.1,178,43.3,166,44
Torrington School District,1430011,Math,F,877,16.9,882,19.6,1027,22.8,1070,24.2,1041,20,1024,22.5
Torrington School District,1430011,Math,N,946,34.9,941,34.4,753,39.3,702,41.9,654,32.7,637,34.7
Torrington School District,1430011,Math,R,167,28.7,161,28,188,41,192,30.2,175,26.9,166,20.5
Trailblazers Academy District,2780013,ELA,F,118,11.9,116,5.2,106,10.4,82,19.5,*,*,*,*
Trailblazers Academy District,2780013,ELA,N,*,*,*,*,*,*,*,*,*,*,*,*
Trailblazers Academy District,2780013,ELA,R,*,*,*,*,*,*,*,*,*,*,*,*
Trailblazers Academy District,2780013,Math,F,114,*,119,*,107,*,81,*,*,*,*,*
Trailblazers Academy District,2780013,Math,N,*,*,*,*,*,*,*,*,*,*,*,*
Trailblazers Academy District,2780013,Math,R,*,*,*,*,*,*,*,*,*,*,*,*
Trumbull School District,1440011,ELA,F,189,*,193,63.7,330,67.3,366,63.9,411,52.6,468,53.4
Trumbull School District,1440011,ELA,N,2696,83.9,2771,83,2548,83.8,2507,83.1,2511,76.7,2444,78.8
Trumbull School District,1440011,ELA,R,79,65.8,86,70.9,123,60.2,142,69,121,69.4,162,69.8
Trumbull School District,1440011,Math,F,189,*,192,55.7,329,57.4,363,56.7,411,46.2,468,50.6
Trumbull School District,1440011,Math,N,2695,78.8,2768,79.3,2548,79.8,2505,79.8,2508,72.4,2442,76.3
Trumbull School District,1440011,Math,R,79,*,86,61.6,123,56.1,142,69.7,120,58.3,161,61.5
Unified School District #2,3470015,ELA,F,*,*,24,*,30,*,35,*,31,0,22,*
Unified School District #2,3470015,ELA,N,*,*,*,*,*,*,*,*,*,*,*,*
Unified School District #2,3470015,Math,F,*,0,23,*,31,0,37,*,32,0,21,0
Unified School District #2,3470015,Math,N,*,*,*,*,*,*,*,*,*,*,*,*
Union School District,1450011,ELA,F,*,*,*,*,*,*,*,*,*,*,*,*
Union School District,1450011,ELA,N,*,*,*,*,*,*,*,*,*,*,*,*
Union School District,1450011,Math,F,*,*,*,*,*,*,*,*,*,*,*,*
Union School District,1450011,Math,N,*,*,*,*,*,*,*,*,*,*,*,*
Vernon School District,1460011,ELA,F,585,28.4,567,33,607,31.8,680,40.7,606,36.8,634,42.4
Vernon School District,1460011,ELA,N,722,58.9,753,63.2,697,60.5,603,68,627,65.1,608,64
Vernon School District,1460011,ELA,R,82,35.4,79,*,97,41.2,120,50.8,97,48.5,93,46.2
Vernon School District,1460011,Math,F,584,18.5,564,26.1,606,27.1,674,33.1,597,30.2,633,31.9
Vernon School District,1460011,Math,N,722,45.8,753,55.2,698,56.2,602,62,625,56.5,608,57.4
Vernon School District,1460011,Math,R,81,24.7,79,26.6,96,29.2,120,50.8,95,36.8,93,38.7
Voluntown School District,1470011,ELA,F,35,*,35,*,26,*,25,*,40,*,34,*
Voluntown School District,1470011,ELA,N,133,67.7,136,71.3,132,71.2,129,76,97,*,91,60.4
Voluntown School District,1470011,ELA,R,6,*,6,*,8,*,14,*,14,*,16,*
Voluntown School District,1470011,Math,F,35,*,35,*,26,*,25,*,40,*,34,*
Voluntown School District,1470011,Math,N,133,60.2,136,68.4,132,64.4,129,71.3,97,67,91,52.7
Voluntown School District,1470011,Math,R,6,*,6,*,8,*,14,*,14,*,16,*
Wallingford School District,1480011,ELA,F,459,39,485,32.2,621,30,629,36.6,586,34,586,29.5
Wallingford School District,1480011,ELA,N,2121,61.4,1974,59.8,1753,58.8,1627,60.7,1579,57.3,1526,56
Wallingford School District,1480011,ELA,R,86,40.7,141,32.6,171,36.3,179,45.3,119,39.5,153,37.9
Wallingford School District,1480011,Math,F,459,27.9,485,22.3,612,21.7,626,24.9,580,21.7,578,23.4
Wallingford School District,1480011,Math,N,2119,51.2,1969,50.4,1732,50.3,1626,50.5,1572,44.9,1522,48.2
Wallingford School District,1480011,Math,R,86,32.6,140,22.1,170,28.2,179,35.2,118,27.1,152,33.6
Waterbury School District,1510011,ELA,F,6170,22.5,6299,21.8,6761,22.1,7082,26.8,6317,20.8,6483,20.4
Waterbury School District,1510011,ELA,N,1611,40.2,1593,39.7,1375,43.7,1097,49.1,1679,31.5,1487,30.8
Waterbury School District,1510011,ELA,R,613,35.7,599,35.1,518,37.3,328,43.9,180,46.7,121,41.3
Waterbury School District,1510011,Math,F,6172,12.5,6289,14.1,6742,15.6,7067,17.2,6279,10.1,6448,12.2
Waterbury School District,1510011,Math,N,1613,27.7,1594,28.9,1370,32.8,1096,35.5,1667,20.1,1486,22.2
Waterbury School District,1510011,Math,R,613,20.7,598,23.7,519,30.4,328,35.1,180,25,121,23.1
Waterford School District,1520011,ELA,F,219,43.4,197,45.2,216,48.6,263,52.1,244,49.2,277,38.3
Waterford School District,1520011,ELA,N,936,72,938,70.6,877,73.7,773,77.7,737,65.7,688,62.6
Waterford School District,1520011,ELA,R,58,55.2,59,55.9,56,51.8,78,55.1,79,50.6,66,48.5
Waterford School District,1520011,Math,F,221,25.8,197,34,217,32.7,262,43.5,241,38.6,275,35.6
Waterford School District,1520011,Math,N,935,57.8,938,58,877,63.4,773,73.4,735,58.5,686,60.9
Waterford School District,1520011,Math,R,58,34.5,59,42.4,56,42.9,78,56.4,79,48.1,66,42.4
Watertown School District,1530011,ELA,F,292,48.6,259,48.6,344,56.4,346,55.5,316,49.1,357,37.5
Watertown School District,1530011,ELA,N,926,66,930,67.4,838,71,812,68.1,736,59.8,724,54.1
Watertown School District,1530011,ELA,R,88,51.1,80,61.3,98,63.3,98,61.2,89,56.2,100,58
Watertown School District,1530011,Math,F,292,25.3,259,33.2,344,35.8,346,41.6,315,38.1,357,35.3
Watertown School District,1530011,Math,N,925,44.9,927,50.9,837,58.2,809,57.7,735,52.7,723,51.3
Watertown School District,1530011,Math,R,88,26.1,79,38,98,46.9,98,45.9,89,48.3,100,42
West Hartford School District,1550011,ELA,F,763,40.6,781,39.7,910,39.2,956,44.9,815,36.7,917,31.3
West Hartford School District,1550011,ELA,N,3468,78.3,3513,78.7,3260,79.3,3104,79.3,3010,75.8,2869,76.4
West Hartford School District,1550011,ELA,R,160,60.6,151,56.3,166,51.2,179,50.8,153,47.7,211,39.3
West Hartford School District,1550011,Math,F,759,27.3,782,28.5,910,29.6,949,32.9,804,27.4,907,25.9
West Hartford School District,1550011,Math,N,3458,65.4,3507,69.3,3251,70.9,3098,72.1,2994,67.6,2864,71.8
West Hartford School District,1550011,Math,R,160,42.5,151,39.1,164,37.8,178,44.4,150,32,211,35.5
West Haven School District,1560011,ELA,F,1483,39,1480,37.8,1662,38.2,1426,41.2,1421,30.9,1351,33.1
West Haven School District,1560011,ELA,N,910,59.1,933,59.2,751,65,1073,57.7,1000,45.2,1017,43.7
West Haven School District,1560011,ELA,R,219,48.4,234,43.2,256,49.6,218,50.5,200,42.5,198,43.9
West Haven School District,1560011,Math,F,1479,28.5,1479,31.6,1658,31.4,1416,34.3,1408,22.8,1341,28
West Haven School District,1560011,Math,N,909,49.8,931,50.9,753,57.9,1073,51.2,995,37.1,1013,39.5
West Haven School District,1560011,Math,R,219,40.2,233,42.5,256,42.2,217,44.7,199,30.2,197,37.6
Westbrook School District,1540011,ELA,F,34,*,50,*,56,*,*,*,55,*,49,*
Westbrook School District,1540011,ELA,N,280,75,271,77.5,257,77,206,78.2,173,71.1,167,67.1
Westbrook School District,1540011,ELA,R,8,*,8,*,8,*,*,*,20,*,20,*
Westbrook School District,1540011,Math,F,34,*,50,*,56,*,*,*,55,*,49,49
Westbrook School District,1540011,Math,N,280,65,271,75.6,257,72.4,206,72.8,173,63.6,167,70.7
Westbrook School District,1540011,Math,R,8,*,8,*,8,*,*,*,20,*,20,70
Weston School District,1570011,ELA,F,*,*,12,*,40,*,*,*,*,*,*,*
Weston School District,1570011,ELA,N,1060,80.3,1069,74.7,1029,80.2,1055,78.2,979,79.9,969,80.2
Weston School District,1570011,ELA,R,*,*,9,*,9,*,*,*,*,*,*,*
Weston School District,1570011,Math,F,*,*,12,*,40,*,*,*,*,*,*,*
Weston School District,1570011,Math,N,1058,72.9,1066,73.6,1028,76.1,1051,75.4,978,75.1,969,76.5
Weston School District,1570011,Math,R,*,*,9,*,9,*,*,*,*,*,*,*
Westport School District,1580011,ELA,F,88,*,68,*,61,*,69,*,49,*,59,*
Westport School District,1580011,ELA,N,2492,83.4,2475,81.7,2436,84.7,2345,85.2,2264,80.2,2299,79.6
Westport School District,1580011,ELA,R,18,*,16,*,16,*,19,*,20,*,21,*
Westport School District,1580011,Math,F,88,*,68,*,61,*,69,*,49,*,59,32.2
Westport School District,1580011,Math,N,2487,76.2,2470,75.6,2436,83.4,2347,85,2262,77.5,2295,81.1
Westport School District,1580011,Math,R,18,*,16,*,16,*,19,*,20,*,21,38.1
Wethersfield School District,1590011,ELA,F,239,38.9,218,37.6,290,41.7,321,45.2,361,41.8,363,37.5
Wethersfield School District,1590011,ELA,N,1308,71.6,1304,71.2,1209,71.5,1176,72,1161,67,1160,66.6
Wethersfield School District,1590011,ELA,R,56,64.3,65,47.7,105,46.7,107,51.4,91,39.6,97,41.2
Wethersfield School District,1590011,Math,F,239,31,217,30,290,33.4,321,38,357,26.3,359,25.1
Wethersfield School District,1590011,Math,N,1310,63.6,1302,64.9,1208,63.4,1174,65.2,1160,52.9,1160,55.9
Wethersfield School District,1590011,Math,R,56,53.6,65,35.4,105,46.7,107,40.2,91,24.2,97,20.6
Willington School District,1600011,ELA,F,42,*,46,*,57,*,64,*,94,*,94,*
Willington School District,1600011,ELA,N,217,60.4,208,60.6,217,68.7,199,60.8,153,*,151,*
Willington School District,1600011,ELA,R,17,*,20,*,11,*,15,*,13,*,14,*
Willington School District,1600011,Math,F,41,*,46,34.8,57,*,64,*,92,*,94,*
Willington School District,1600011,Math,N,216,53.2,208,57.7,217,57.1,199,61.3,153,47.7,151,*
Willington School District,1600011,Math,R,17,*,20,30,11,*,15,*,13,*,14,*
Wilton School District,1610011,ELA,F,29,*,*,*,*,*,91,65.9,*,*,77,59.7
Wilton School District,1610011,ELA,N,1920,*,1824,76.5,1744,81.1,1690,82.7,1597,78.8,1557,80.2
Wilton School District,1610011,ELA,R,*,*,*,*,*,*,*,*,*,*,*,*
Wilton School District,1610011,Math,F,29,31,*,*,*,*,91,53.8,*,*,77,55.8
Wilton School District,1610011,Math,N,1919,*,1822,69.8,1739,74.2,1691,76,1582,75.3,1552,80.2
Wilton School District,1610011,Math,R,*,*,*,*,*,*,*,*,*,*,*,*
Winchester School District,1620011,ELA,F,154,35.1,143,*,131,34.4,155,43.2,124,*,135,37
Winchester School District,1620011,ELA,N,142,48.6,152,52,129,58.9,101,54.5,132,53,152,48.7
Winchester School District,1620011,ELA,R,30,46.7,23,*,32,*,38,55.3,29,*,33,*
Winchester School District,1620011,Math,F,152,25,142,20.4,129,34.1,155,46.5,124,46,135,42.2
Winchester School District,1620011,Math,N,141,33.3,151,*,129,57.4,101,62.4,132,53.8,152,47.4
Winchester School District,1620011,Math,R,30,33.3,23,*,32,*,38,60.5,29,37.9,33,39.4
Windham School District,1630011,ELA,F,1178,28,1188,30,1299,27.3,1074,28.2,999,18,1011,19.8
Windham School District,1630011,ELA,N,316,64.9,312,66.3,271,62.4,437,55.8,440,44.8,414,48.6
Windham School District,1630011,ELA,R,70,47.1,70,42.9,81,49.4,130,42.3,97,26.8,93,*
Windham School District,1630011,Math,F,1175,17.6,1185,19.9,1293,21.9,1069,23.1,994,11.8,1002,14.9
Windham School District,1630011,Math,N,313,51.8,312,55.1,271,60.1,435,49.9,437,38,414,42.3
Windham School District,1630011,Math,R,70,34.3,70,31.4,81,40.7,130,41.5,96,26,93,31.2
Windsor Locks School District,1650011,ELA,F,255,31.4,264,33,266,41.4,299,37.1,251,35.9,281,33.5
Windsor Locks School District,1650011,ELA,N,418,59.3,377,60.5,331,63.1,307,59.6,353,56.9,349,55.6
Windsor Locks School District,1650011,ELA,R,40,47.5,42,50,59,55.9,70,51.4,36,44.4,36,*
Windsor Locks School District,1650011,Math,F,249,19.7,263,25.9,268,28,299,29.4,251,24.7,281,24.6
Windsor Locks School District,1650011,Math,N,412,47.3,376,51.9,330,49.7,307,52.8,353,47.6,348,49.4
Windsor Locks School District,1650011,Math,R,39,*,42,35.7,59,45.8,70,42.9,36,30.6,36,30.6
Windsor School District,1640011,ELA,F,405,31.6,387,31.3,381,28.1,495,31.5,494,27.9,518,29.5
Windsor School District,1640011,ELA,N,861,53.1,924,53.8,927,51.6,767,54.5,757,48.1,722,50.8
Windsor School District,1640011,ELA,R,87,*,52,*,72,43.1,105,51.4,116,29.3,133,30.8
Windsor School District,1640011,Math,F,405,24.2,382,26.7,374,26.5,493,31.8,488,17.4,509,21.4
Windsor School District,1640011,Math,N,861,47,924,49,927,45.7,763,51.9,755,43,716,46.4
Windsor School District,1640011,Math,R,86,30.2,51,37.3,73,31.5,103,39.8,115,24.3,132,22
Wolcott School District,1660011,ELA,F,165,*,173,46.2,194,*,225,64,222,52.7,247,53.8
Wolcott School District,1660011,ELA,N,868,69.5,788,65.9,747,74.4,697,74.2,699,67.8,640,65.6
Wolcott School District,1660011,ELA,R,51,66.7,57,61.4,63,63.5,65,73.8,69,52.2,65,53.8
Wolcott School District,1660011,Math,F,165,49.7,173,49.1,194,56.7,225,57.8,221,43,245,44.9
Wolcott School District,1660011,Math,N,868,58.9,788,60.7,747,65.9,697,69.2,698,53.4,640,60.6
Wolcott School District,1660011,Math,R,51,64.7,57,57.9,63,65.1,65,63.1,69,42,65,40
Woodbridge School District,1670011,ELA,F,23,*,21,*,25,*,36,*,47,*,52,*
Woodbridge School District,1670011,ELA,N,378,82.5,390,77.4,431,75.9,415,83.6,432,83.6,406,84.7
Woodbridge School District,1670011,ELA,R,16,*,12,*,12,*,17,*,8,*,11,*
Woodbridge School District,1670011,Math,F,23,*,21,*,25,*,36,*,47,*,52,*
Woodbridge School District,1670011,Math,N,378,74.3,389,74.6,428,72.4,411,78.1,432,79.2,408,83.3
Woodbridge School District,1670011,Math,R,15,*,12,*,11,*,17,*,8,*,11,*
Woodstock School District,1690011,ELA,F,61,*,40,42.5,78,*,71,45.1,72,55.6,85,*
Woodstock School District,1690011,ELA,N,481,73.6,510,66.1,463,68.9,446,63,416,60.6,402,60.7
Woodstock School District,1690011,ELA,R,23,*,22,27.3,31,*,29,55.2,25,40,22,*
Woodstock School District,1690011,Math,F,59,35.6,40,*,78,*,71,21.1,72,26.4,85,*
Woodstock School District,1690011,Math,N,481,53.6,505,43.6,461,51.8,446,50.7,416,36.5,402,43.5
Woodstock School District,1690011,Math,R,23,*,22,*,31,35.5,29,27.6,25,24,22,*
Booker T. Washington Academy District,2950013,ELA,F,*,*,24,70.8,54,61.1,96,43.8,178,20.8,165,24.2
Booker T. Washington Academy District,2950013,ELA,N,*,*,*,*,8,*,18,*,68,38.2,51,*
Booker T. Washington Academy District,2950013,ELA,R,*,*,*,*,10,*,19,*,63,20.6,54,25.9
Booker T. Washington Academy District,2950013,Math,F,*,*,24,*,54,*,96,42.7,178,16.9,164,20.1
Booker T. Washington Academy District,2950013,Math,N,*,*,*,*,8,*,18,*,68,30.9,51,25.5
Booker T. Washington Academy District,2950013,Math,R,*,*,*,*,10,*,19,*,63,14.3,54,24.1
Elm City Montessori School District,2910013,ELA,F,*,*,*,*,*,*,*,*,35,25.7,43,20.9
Elm City Montessori School District,2910013,ELA,N,*,*,*,*,*,*,28,*,69,60.9,70,*
Elm City Montessori School District,2910013,ELA,R,*,*,*,*,*,*,*,*,*,*,*,*
Elm City Montessori School District,2910013,Math,F,*,*,*,*,*,*,*,*,35,*,43,*
Elm City Montessori School District,2910013,Math,N,*,*,*,*,*,*,28,28.6,69,*,70,*
Elm City Montessori School District,2910013,Math,R,*,*,*,*,*,*,*,*,*,*,*,*
Stamford Charter School for Excellence District,2960013,ELA,F,*,*,*,*,35,82.9,*,*,112,67.9,134,67.9
Stamford Charter School for Excellence District,2960013,ELA,N,*,*,*,*,8,*,49,*,124,88.7,135,83
Stamford Charter School for Excellence District,2960013,ELA,R,*,*,*,*,6,*,*,*,24,66.7,28,75
Stamford Charter School for Excellence District,2960013,Math,F,*,*,*,*,35,94.3,*,*,112,67,134,59
Stamford Charter School for Excellence District,2960013,Math,N,*,*,*,*,8,*,49,100,124,83.9,135,84.4
Stamford Charter School for Excellence District,2960013,Math,R,*,*,*,*,6,*,*,*,24,83.3,28,71.4
Goodwin University Educational Services (GUES),2310018,ELA,F,*,*,*,*,*,*,*,*,163,23.3,219,18.7
Goodwin University Educational Services (GUES),2310018,ELA,N,*,*,*,*,*,*,*,*,102,39.2,103,35
Goodwin University Educational Services (GUES),2310018,ELA,R,*,*,*,*,*,*,*,*,35,22.9,55,*
Goodwin University Educational Services (GUES),2310018,Math,F,*,*,*,*,*,*,*,*,163,*,219,7.8
Goodwin University Educational Services (GUES),2310018,Math,N,*,*,*,*,*,*,*,*,102,24.5,103,13.6
Goodwin University Educational Services (GUES),2310018,Math,R,*,*,*,*,*,*,*,*,35,*,55,16.4
